--
-- PostgreSQL database dump
--

\restrict AGp3NGhKf7eB0xlB3I0WARQ4aZyym05nRROG3qGkicRm79xQ2b1gThWbIbDMjfW

-- Dumped from database version 15.18 (Debian 15.18-1.pgdg13+1)
-- Dumped by pg_dump version 15.18 (Debian 15.18-1.pgdg13+1)

SET statement_timeout = 0;
SET lock_timeout = 0;
SET idle_in_transaction_session_timeout = 0;
SET client_encoding = 'UTF8';
SET standard_conforming_strings = on;
SELECT pg_catalog.set_config('search_path', '', false);
SET check_function_bodies = false;
SET xmloption = content;
SET client_min_messages = warning;
SET row_security = off;

--
-- Name: Role; Type: TYPE; Schema: public; Owner: -
--

CREATE TYPE public."Role" AS ENUM (
    'USER',
    'ADMIN',
    'SUPER_ADMIN'
);


SET default_tablespace = '';

SET default_table_access_method = heap;

--
-- Name: DoseEvent; Type: TABLE; Schema: public; Owner: -
--

CREATE TABLE public."DoseEvent" (
    id text NOT NULL,
    "scheduledFor" timestamp(3) without time zone NOT NULL,
    status text DEFAULT 'pending'::text NOT NULL,
    "administeredAt" timestamp(3) without time zone,
    "prescriptionId" text NOT NULL,
    "residentId" text NOT NULL,
    "createdAt" timestamp(3) without time zone DEFAULT CURRENT_TIMESTAMP NOT NULL
);


--
-- Name: Prescription; Type: TABLE; Schema: public; Owner: -
--

CREATE TABLE public."Prescription" (
    id text NOT NULL,
    drug text NOT NULL,
    "drugIcon" text DEFAULT 'pill'::text NOT NULL,
    dose text NOT NULL,
    frequency text NOT NULL,
    times text[],
    status text DEFAULT 'Ativa'::text NOT NULL,
    notes text,
    "startDate" timestamp(3) without time zone DEFAULT CURRENT_TIMESTAMP NOT NULL,
    "endDate" timestamp(3) without time zone,
    "residentId" text NOT NULL,
    "createdAt" timestamp(3) without time zone DEFAULT CURRENT_TIMESTAMP NOT NULL,
    "updatedAt" timestamp(3) without time zone NOT NULL
);


--
-- Name: Professional; Type: TABLE; Schema: public; Owner: -
--

CREATE TABLE public."Professional" (
    id text NOT NULL,
    name text NOT NULL,
    role text NOT NULL,
    initials text NOT NULL,
    registry text,
    email text,
    phone text,
    bio text,
    active boolean DEFAULT true NOT NULL,
    "createdAt" timestamp(3) without time zone DEFAULT CURRENT_TIMESTAMP NOT NULL,
    "updatedAt" timestamp(3) without time zone NOT NULL
);


--
-- Name: Profile; Type: TABLE; Schema: public; Owner: -
--

CREATE TABLE public."Profile" (
    id text NOT NULL,
    initials text NOT NULL,
    name text NOT NULL,
    "avatarCls" text,
    "userId" text NOT NULL
);


--
-- Name: Resident; Type: TABLE; Schema: public; Owner: -
--

CREATE TABLE public."Resident" (
    id text NOT NULL,
    name text NOT NULL,
    initials text NOT NULL,
    condition text,
    room text NOT NULL,
    age integer NOT NULL,
    status text DEFAULT 'Em dia'::text NOT NULL,
    "avatarCls" text,
    "createdAt" timestamp(3) without time zone DEFAULT CURRENT_TIMESTAMP NOT NULL,
    "updatedAt" timestamp(3) without time zone NOT NULL
);


--
-- Name: User; Type: TABLE; Schema: public; Owner: -
--

CREATE TABLE public."User" (
    id text NOT NULL,
    email text NOT NULL,
    password text NOT NULL,
    role public."Role" DEFAULT 'USER'::public."Role" NOT NULL,
    "lastAccess" timestamp(3) without time zone DEFAULT CURRENT_TIMESTAMP NOT NULL,
    "createdAt" timestamp(3) without time zone DEFAULT CURRENT_TIMESTAMP NOT NULL,
    "updatedAt" timestamp(3) without time zone NOT NULL
);


--
-- Name: _prisma_migrations; Type: TABLE; Schema: public; Owner: -
--

CREATE TABLE public._prisma_migrations (
    id character varying(36) NOT NULL,
    checksum character varying(64) NOT NULL,
    finished_at timestamp with time zone,
    migration_name character varying(255) NOT NULL,
    logs text,
    rolled_back_at timestamp with time zone,
    started_at timestamp with time zone DEFAULT now() NOT NULL,
    applied_steps_count integer DEFAULT 0 NOT NULL
);


--
-- Data for Name: DoseEvent; Type: TABLE DATA; Schema: public; Owner: -
--

COPY public."DoseEvent" (id, "scheduledFor", status, "administeredAt", "prescriptionId", "residentId", "createdAt") FROM stdin;
da3f9c1f-a006-4bc2-b27d-676428317375	2026-04-21 11:00:00	confirmed	2026-04-21 11:02:00	f05fb77d-79cd-4f28-8d19-f8053759bed6	55377402-6e18-4682-b239-f526e0db52bd	2026-05-21 11:57:57.782
68d9350b-62db-47fb-b7a7-66392d880c26	2026-04-21 23:00:00	confirmed	2026-04-21 23:01:00	f05fb77d-79cd-4f28-8d19-f8053759bed6	55377402-6e18-4682-b239-f526e0db52bd	2026-05-21 11:57:57.782
87a4d84a-7f35-41eb-9a56-0b2a9fd6b3e1	2026-04-22 11:00:00	confirmed	2026-04-22 11:01:00	f05fb77d-79cd-4f28-8d19-f8053759bed6	55377402-6e18-4682-b239-f526e0db52bd	2026-05-21 11:57:57.782
e1788391-1ae1-42c5-a146-ee61496afdde	2026-04-22 23:00:00	confirmed	2026-04-22 23:04:00	f05fb77d-79cd-4f28-8d19-f8053759bed6	55377402-6e18-4682-b239-f526e0db52bd	2026-05-21 11:57:57.782
4020d4d1-046a-401e-bce0-44c1c4988b4a	2026-04-23 11:00:00	confirmed	2026-04-23 11:09:00	f05fb77d-79cd-4f28-8d19-f8053759bed6	55377402-6e18-4682-b239-f526e0db52bd	2026-05-21 11:57:57.782
34863b24-e3e6-41b1-9521-61640a41b4bf	2026-04-23 23:00:00	confirmed	2026-04-23 23:04:00	f05fb77d-79cd-4f28-8d19-f8053759bed6	55377402-6e18-4682-b239-f526e0db52bd	2026-05-21 11:57:57.782
63243a71-48cb-406f-a66f-9101186dac89	2026-04-24 11:00:00	confirmed	2026-04-24 11:05:00	f05fb77d-79cd-4f28-8d19-f8053759bed6	55377402-6e18-4682-b239-f526e0db52bd	2026-05-21 11:57:57.782
9d210d06-6897-40e6-9d9b-60c34c7dad36	2026-04-24 23:00:00	late	2026-04-24 23:23:00	f05fb77d-79cd-4f28-8d19-f8053759bed6	55377402-6e18-4682-b239-f526e0db52bd	2026-05-21 11:57:57.782
527327f7-209f-4f43-a40e-be9013db0948	2026-04-25 11:00:00	confirmed	2026-04-25 11:06:00	f05fb77d-79cd-4f28-8d19-f8053759bed6	55377402-6e18-4682-b239-f526e0db52bd	2026-05-21 11:57:57.782
790ad6ab-417b-4a37-ac6b-c64de31f69a4	2026-04-25 23:00:00	confirmed	2026-04-25 23:07:00	f05fb77d-79cd-4f28-8d19-f8053759bed6	55377402-6e18-4682-b239-f526e0db52bd	2026-05-21 11:57:57.782
98c878c2-a81d-4e17-a446-28bb21d4970a	2026-04-26 11:00:00	skipped	\N	f05fb77d-79cd-4f28-8d19-f8053759bed6	55377402-6e18-4682-b239-f526e0db52bd	2026-05-21 11:57:57.782
bc109018-d68b-4b47-b6df-14c918f9c807	2026-04-26 23:00:00	confirmed	2026-04-26 23:01:00	f05fb77d-79cd-4f28-8d19-f8053759bed6	55377402-6e18-4682-b239-f526e0db52bd	2026-05-21 11:57:57.782
1aa3f587-98bd-4864-92c9-da6bd65d3116	2026-04-27 11:00:00	confirmed	2026-04-27 11:07:00	f05fb77d-79cd-4f28-8d19-f8053759bed6	55377402-6e18-4682-b239-f526e0db52bd	2026-05-21 11:57:57.782
1305f820-4c66-4083-b4a3-2cc86f718b20	2026-04-27 23:00:00	confirmed	2026-04-27 23:01:00	f05fb77d-79cd-4f28-8d19-f8053759bed6	55377402-6e18-4682-b239-f526e0db52bd	2026-05-21 11:57:57.782
fdeb3a7a-b8a4-4d89-8675-5c11248edc3f	2026-04-28 11:00:00	confirmed	2026-04-28 11:05:00	f05fb77d-79cd-4f28-8d19-f8053759bed6	55377402-6e18-4682-b239-f526e0db52bd	2026-05-21 11:57:57.782
261dbd46-7b6f-40f6-9bee-a084327415f4	2026-04-28 23:00:00	confirmed	2026-04-28 23:00:00	f05fb77d-79cd-4f28-8d19-f8053759bed6	55377402-6e18-4682-b239-f526e0db52bd	2026-05-21 11:57:57.782
4092cb5e-435a-4bab-8d84-7dadfa885cb3	2026-04-29 11:00:00	confirmed	2026-04-29 11:02:00	f05fb77d-79cd-4f28-8d19-f8053759bed6	55377402-6e18-4682-b239-f526e0db52bd	2026-05-21 11:57:57.782
a3af4cff-c752-475a-bfc8-25c919faa5ca	2026-04-29 23:00:00	confirmed	2026-04-29 23:02:00	f05fb77d-79cd-4f28-8d19-f8053759bed6	55377402-6e18-4682-b239-f526e0db52bd	2026-05-21 11:57:57.782
bcab7c6e-b4d8-4037-8460-28a7b58d949c	2026-04-30 11:00:00	confirmed	2026-04-30 11:05:00	f05fb77d-79cd-4f28-8d19-f8053759bed6	55377402-6e18-4682-b239-f526e0db52bd	2026-05-21 11:57:57.782
626a545e-0482-48d2-a046-a173d0adf631	2026-04-30 23:00:00	confirmed	2026-04-30 23:06:00	f05fb77d-79cd-4f28-8d19-f8053759bed6	55377402-6e18-4682-b239-f526e0db52bd	2026-05-21 11:57:57.782
44b49b03-ad43-493e-b77b-51d608f684b8	2026-05-01 11:00:00	confirmed	2026-05-01 11:06:00	f05fb77d-79cd-4f28-8d19-f8053759bed6	55377402-6e18-4682-b239-f526e0db52bd	2026-05-21 11:57:57.782
76241789-4474-4bd0-95f6-3dced32c3368	2026-05-01 23:00:00	confirmed	2026-05-01 23:01:00	f05fb77d-79cd-4f28-8d19-f8053759bed6	55377402-6e18-4682-b239-f526e0db52bd	2026-05-21 11:57:57.782
54969ab1-4454-471d-8cc6-06fa754827a9	2026-05-02 11:00:00	confirmed	2026-05-02 11:03:00	f05fb77d-79cd-4f28-8d19-f8053759bed6	55377402-6e18-4682-b239-f526e0db52bd	2026-05-21 11:57:57.782
49a67baa-83e5-4428-bf55-5e425cea8cac	2026-05-02 23:00:00	confirmed	2026-05-02 23:00:00	f05fb77d-79cd-4f28-8d19-f8053759bed6	55377402-6e18-4682-b239-f526e0db52bd	2026-05-21 11:57:57.782
cbf0f251-2da3-44c7-8c7f-6aefaa2358b6	2026-05-03 11:00:00	confirmed	2026-05-03 11:02:00	f05fb77d-79cd-4f28-8d19-f8053759bed6	55377402-6e18-4682-b239-f526e0db52bd	2026-05-21 11:57:57.782
252e61bc-b912-48b9-bf77-cacc04321916	2026-05-03 23:00:00	confirmed	2026-05-03 23:05:00	f05fb77d-79cd-4f28-8d19-f8053759bed6	55377402-6e18-4682-b239-f526e0db52bd	2026-05-21 11:57:57.782
dfb596b1-41d7-4f7b-8ce3-ac570ae44a4d	2026-05-04 11:00:00	confirmed	2026-05-04 11:06:00	f05fb77d-79cd-4f28-8d19-f8053759bed6	55377402-6e18-4682-b239-f526e0db52bd	2026-05-21 11:57:57.782
e166970b-a467-4818-8e9e-e94f3e8fe11f	2026-05-04 23:00:00	confirmed	2026-05-04 23:09:00	f05fb77d-79cd-4f28-8d19-f8053759bed6	55377402-6e18-4682-b239-f526e0db52bd	2026-05-21 11:57:57.782
32f799c4-365c-464d-b18a-7a2d51f4c0d5	2026-05-05 11:00:00	confirmed	2026-05-05 11:01:00	f05fb77d-79cd-4f28-8d19-f8053759bed6	55377402-6e18-4682-b239-f526e0db52bd	2026-05-21 11:57:57.782
ed459c73-e577-48c2-9129-a071c3b071b5	2026-05-05 23:00:00	confirmed	2026-05-05 23:00:00	f05fb77d-79cd-4f28-8d19-f8053759bed6	55377402-6e18-4682-b239-f526e0db52bd	2026-05-21 11:57:57.782
86432ebf-8db8-4ba5-b16a-c111d28e88dd	2026-05-06 11:00:00	confirmed	2026-05-06 11:00:00	f05fb77d-79cd-4f28-8d19-f8053759bed6	55377402-6e18-4682-b239-f526e0db52bd	2026-05-21 11:57:57.782
35c09951-6818-4f6f-96e5-057a9828269c	2026-05-06 23:00:00	confirmed	2026-05-06 23:05:00	f05fb77d-79cd-4f28-8d19-f8053759bed6	55377402-6e18-4682-b239-f526e0db52bd	2026-05-21 11:57:57.782
c274925b-bb68-4391-a3cc-c5c54b8e4698	2026-05-07 11:00:00	confirmed	2026-05-07 11:08:00	f05fb77d-79cd-4f28-8d19-f8053759bed6	55377402-6e18-4682-b239-f526e0db52bd	2026-05-21 11:57:57.782
f82cac04-5df4-4da4-840d-44e4566871e3	2026-05-07 23:00:00	late	2026-05-08 00:19:00	f05fb77d-79cd-4f28-8d19-f8053759bed6	55377402-6e18-4682-b239-f526e0db52bd	2026-05-21 11:57:57.782
97d4a087-1fe2-4bf7-8644-3f7aa4fd9c48	2026-05-08 11:00:00	late	2026-05-08 12:17:00	f05fb77d-79cd-4f28-8d19-f8053759bed6	55377402-6e18-4682-b239-f526e0db52bd	2026-05-21 11:57:57.782
b0365b1a-0dc4-4dc7-8524-809df3967ef1	2026-05-08 23:00:00	confirmed	2026-05-08 23:01:00	f05fb77d-79cd-4f28-8d19-f8053759bed6	55377402-6e18-4682-b239-f526e0db52bd	2026-05-21 11:57:57.782
c87d4778-a5ea-482d-a948-787f398275e7	2026-05-09 11:00:00	confirmed	2026-05-09 11:03:00	f05fb77d-79cd-4f28-8d19-f8053759bed6	55377402-6e18-4682-b239-f526e0db52bd	2026-05-21 11:57:57.782
ad1ace71-93c1-4541-8b59-0f08665f0c07	2026-05-09 23:00:00	confirmed	2026-05-09 23:00:00	f05fb77d-79cd-4f28-8d19-f8053759bed6	55377402-6e18-4682-b239-f526e0db52bd	2026-05-21 11:57:57.782
56c95ad4-97db-43c1-8b93-6fb31c04528e	2026-05-10 11:00:00	confirmed	2026-05-10 11:07:00	f05fb77d-79cd-4f28-8d19-f8053759bed6	55377402-6e18-4682-b239-f526e0db52bd	2026-05-21 11:57:57.782
53a8f0d9-384b-4c7a-96d2-348c4c8f5128	2026-05-10 23:00:00	confirmed	2026-05-10 23:07:00	f05fb77d-79cd-4f28-8d19-f8053759bed6	55377402-6e18-4682-b239-f526e0db52bd	2026-05-21 11:57:57.782
8b6eb548-f5d6-4d2d-893d-e41c2b9f8ef6	2026-05-11 11:00:00	confirmed	2026-05-11 11:04:00	f05fb77d-79cd-4f28-8d19-f8053759bed6	55377402-6e18-4682-b239-f526e0db52bd	2026-05-21 11:57:57.782
e1411f0e-1793-4a55-85e7-7ad7346d1d62	2026-05-11 23:00:00	late	2026-05-11 23:52:00	f05fb77d-79cd-4f28-8d19-f8053759bed6	55377402-6e18-4682-b239-f526e0db52bd	2026-05-21 11:57:57.782
cd92be99-5702-4214-bfce-10f54f154057	2026-05-12 11:00:00	confirmed	2026-05-12 11:01:00	f05fb77d-79cd-4f28-8d19-f8053759bed6	55377402-6e18-4682-b239-f526e0db52bd	2026-05-21 11:57:57.782
9e734e4a-1e14-40ed-ba79-fa43fa97a70b	2026-05-12 23:00:00	confirmed	2026-05-12 23:05:00	f05fb77d-79cd-4f28-8d19-f8053759bed6	55377402-6e18-4682-b239-f526e0db52bd	2026-05-21 11:57:57.782
18d3c79d-3237-49a5-b51a-c2a09b6a3fef	2026-05-13 11:00:00	confirmed	2026-05-13 11:04:00	f05fb77d-79cd-4f28-8d19-f8053759bed6	55377402-6e18-4682-b239-f526e0db52bd	2026-05-21 11:57:57.782
244d9f2f-d424-43a7-a64c-6e0ddf67188f	2026-05-13 23:00:00	confirmed	2026-05-13 23:07:00	f05fb77d-79cd-4f28-8d19-f8053759bed6	55377402-6e18-4682-b239-f526e0db52bd	2026-05-21 11:57:57.782
cd409bc4-92c8-40ba-974f-08b37ae2fbc4	2026-05-14 11:00:00	confirmed	2026-05-14 11:07:00	f05fb77d-79cd-4f28-8d19-f8053759bed6	55377402-6e18-4682-b239-f526e0db52bd	2026-05-21 11:57:57.782
d7560759-3d8b-44d4-b718-1a5f3583c0c4	2026-05-14 23:00:00	confirmed	2026-05-14 23:04:00	f05fb77d-79cd-4f28-8d19-f8053759bed6	55377402-6e18-4682-b239-f526e0db52bd	2026-05-21 11:57:57.782
edea9647-0f26-4ac1-af2c-3b4831c16774	2026-05-15 11:00:00	confirmed	2026-05-15 11:09:00	f05fb77d-79cd-4f28-8d19-f8053759bed6	55377402-6e18-4682-b239-f526e0db52bd	2026-05-21 11:57:57.782
4fec1746-d492-46d2-b7b9-04ea1f52c6b8	2026-05-15 23:00:00	confirmed	2026-05-15 23:03:00	f05fb77d-79cd-4f28-8d19-f8053759bed6	55377402-6e18-4682-b239-f526e0db52bd	2026-05-21 11:57:57.782
a1326610-dcc5-4492-a34d-8c76fa99049a	2026-05-16 11:00:00	confirmed	2026-05-16 11:07:00	f05fb77d-79cd-4f28-8d19-f8053759bed6	55377402-6e18-4682-b239-f526e0db52bd	2026-05-21 11:57:57.782
91400a8c-ff46-4455-88db-0cff4a268c08	2026-05-16 23:00:00	confirmed	2026-05-16 23:01:00	f05fb77d-79cd-4f28-8d19-f8053759bed6	55377402-6e18-4682-b239-f526e0db52bd	2026-05-21 11:57:57.782
f53cd00e-4289-4006-8006-425b0a02df28	2026-05-17 11:00:00	confirmed	2026-05-17 11:08:00	f05fb77d-79cd-4f28-8d19-f8053759bed6	55377402-6e18-4682-b239-f526e0db52bd	2026-05-21 11:57:57.782
e22a20b6-ab98-4510-9418-6d4a49ce4ee3	2026-05-17 23:00:00	late	2026-05-17 23:29:00	f05fb77d-79cd-4f28-8d19-f8053759bed6	55377402-6e18-4682-b239-f526e0db52bd	2026-05-21 11:57:57.782
899970d2-dad7-4a63-b706-9429fea29ee7	2026-05-18 11:00:00	confirmed	2026-05-18 11:08:00	f05fb77d-79cd-4f28-8d19-f8053759bed6	55377402-6e18-4682-b239-f526e0db52bd	2026-05-21 11:57:57.782
07e6c765-f8a2-41ec-9b08-ff72b0473ea5	2026-05-18 23:00:00	confirmed	2026-05-18 23:06:00	f05fb77d-79cd-4f28-8d19-f8053759bed6	55377402-6e18-4682-b239-f526e0db52bd	2026-05-21 11:57:57.782
ce55f35f-2757-4f41-899e-04c8a6c00201	2026-05-19 11:00:00	late	2026-05-19 11:58:00	f05fb77d-79cd-4f28-8d19-f8053759bed6	55377402-6e18-4682-b239-f526e0db52bd	2026-05-21 11:57:57.782
75bbf57f-4b6b-4156-8b9d-30fce6d53ebf	2026-05-19 23:00:00	confirmed	2026-05-19 23:06:00	f05fb77d-79cd-4f28-8d19-f8053759bed6	55377402-6e18-4682-b239-f526e0db52bd	2026-05-21 11:57:57.782
398b2d8a-486b-4aac-b7aa-1b628f56f0a3	2026-05-20 11:00:00	confirmed	2026-05-20 11:08:00	f05fb77d-79cd-4f28-8d19-f8053759bed6	55377402-6e18-4682-b239-f526e0db52bd	2026-05-21 11:57:57.782
fc8729b4-28f6-4426-abe5-453a7944936b	2026-05-20 23:00:00	confirmed	2026-05-20 23:02:00	f05fb77d-79cd-4f28-8d19-f8053759bed6	55377402-6e18-4682-b239-f526e0db52bd	2026-05-21 11:57:57.782
c8593a3a-712e-4f71-bfce-d8526e3f0709	2026-05-21 11:00:00	confirmed	2026-05-21 11:04:00	f05fb77d-79cd-4f28-8d19-f8053759bed6	55377402-6e18-4682-b239-f526e0db52bd	2026-05-21 11:57:57.782
23021da2-5dc3-46d9-920f-0f14a32d05ee	2026-05-21 23:00:00	pending	\N	f05fb77d-79cd-4f28-8d19-f8053759bed6	55377402-6e18-4682-b239-f526e0db52bd	2026-05-21 11:57:57.782
7b930c57-1ce7-4d41-80c4-f79d1481b4db	2026-04-21 11:00:00	confirmed	2026-04-21 11:00:00	6e487011-62b1-4d8b-9ed3-7e3c3b5e0bee	d5ae1b35-c551-4500-b803-cd57f25da210	2026-05-21 11:57:57.782
5466400a-3466-4c94-8e70-abdeb0191eca	2026-04-21 22:00:00	confirmed	2026-04-21 22:03:00	6e487011-62b1-4d8b-9ed3-7e3c3b5e0bee	d5ae1b35-c551-4500-b803-cd57f25da210	2026-05-21 11:57:57.782
a41d9147-a876-45ee-9989-12420320a660	2026-04-22 11:00:00	skipped	\N	6e487011-62b1-4d8b-9ed3-7e3c3b5e0bee	d5ae1b35-c551-4500-b803-cd57f25da210	2026-05-21 11:57:57.782
640591fd-81ad-46e3-97d6-6c737b741fa0	2026-04-22 22:00:00	late	2026-04-22 22:43:00	6e487011-62b1-4d8b-9ed3-7e3c3b5e0bee	d5ae1b35-c551-4500-b803-cd57f25da210	2026-05-21 11:57:57.782
a7af89eb-c0c6-4eee-a07e-cd6b664caeaa	2026-04-23 11:00:00	confirmed	2026-04-23 11:00:00	6e487011-62b1-4d8b-9ed3-7e3c3b5e0bee	d5ae1b35-c551-4500-b803-cd57f25da210	2026-05-21 11:57:57.782
4a2da167-7590-4afb-94d2-77cc8fb7fc93	2026-04-23 22:00:00	confirmed	2026-04-23 22:03:00	6e487011-62b1-4d8b-9ed3-7e3c3b5e0bee	d5ae1b35-c551-4500-b803-cd57f25da210	2026-05-21 11:57:57.782
d05e35b5-8160-4c39-aadd-a942c4ba58e9	2026-04-24 11:00:00	skipped	\N	6e487011-62b1-4d8b-9ed3-7e3c3b5e0bee	d5ae1b35-c551-4500-b803-cd57f25da210	2026-05-21 11:57:57.782
48fe8865-3c89-46e2-ac48-ca0771ac3af6	2026-04-24 22:00:00	confirmed	2026-04-24 22:03:00	6e487011-62b1-4d8b-9ed3-7e3c3b5e0bee	d5ae1b35-c551-4500-b803-cd57f25da210	2026-05-21 11:57:57.782
fddc8409-2983-4e28-a0b3-df81440c21b9	2026-04-25 11:00:00	confirmed	2026-04-25 11:06:00	6e487011-62b1-4d8b-9ed3-7e3c3b5e0bee	d5ae1b35-c551-4500-b803-cd57f25da210	2026-05-21 11:57:57.782
150d6514-c783-4e9d-8599-8c5ed4a22f01	2026-04-25 22:00:00	confirmed	2026-04-25 22:02:00	6e487011-62b1-4d8b-9ed3-7e3c3b5e0bee	d5ae1b35-c551-4500-b803-cd57f25da210	2026-05-21 11:57:57.782
b789c495-363e-48f2-adc9-2a0f946201b3	2026-04-26 11:00:00	skipped	\N	6e487011-62b1-4d8b-9ed3-7e3c3b5e0bee	d5ae1b35-c551-4500-b803-cd57f25da210	2026-05-21 11:57:57.782
b0701c80-3c26-4703-a807-8d92b2301b79	2026-04-26 22:00:00	confirmed	2026-04-26 22:02:00	6e487011-62b1-4d8b-9ed3-7e3c3b5e0bee	d5ae1b35-c551-4500-b803-cd57f25da210	2026-05-21 11:57:57.782
14f50ff1-edda-456d-818d-f6474641babc	2026-04-27 11:00:00	skipped	\N	6e487011-62b1-4d8b-9ed3-7e3c3b5e0bee	d5ae1b35-c551-4500-b803-cd57f25da210	2026-05-21 11:57:57.782
78c182d0-d1e0-4df1-9d91-63459cee38a5	2026-04-27 22:00:00	skipped	\N	6e487011-62b1-4d8b-9ed3-7e3c3b5e0bee	d5ae1b35-c551-4500-b803-cd57f25da210	2026-05-21 11:57:57.782
1e8a4d6e-991d-477a-8ba8-109720baf12c	2026-04-28 11:00:00	skipped	\N	6e487011-62b1-4d8b-9ed3-7e3c3b5e0bee	d5ae1b35-c551-4500-b803-cd57f25da210	2026-05-21 11:57:57.782
77824473-2973-48e9-b51d-4ade2d96179f	2026-04-28 22:00:00	confirmed	2026-04-28 22:09:00	6e487011-62b1-4d8b-9ed3-7e3c3b5e0bee	d5ae1b35-c551-4500-b803-cd57f25da210	2026-05-21 11:57:57.782
2bba20b9-cb65-40b8-a899-703e57bc0cd4	2026-04-29 11:00:00	skipped	\N	6e487011-62b1-4d8b-9ed3-7e3c3b5e0bee	d5ae1b35-c551-4500-b803-cd57f25da210	2026-05-21 11:57:57.782
f5c06be5-843a-43a9-8333-e4e182713ed0	2026-04-29 22:00:00	confirmed	2026-04-29 22:05:00	6e487011-62b1-4d8b-9ed3-7e3c3b5e0bee	d5ae1b35-c551-4500-b803-cd57f25da210	2026-05-21 11:57:57.782
2420419f-886e-47c5-a6f8-688e0b546415	2026-04-30 11:00:00	confirmed	2026-04-30 11:07:00	6e487011-62b1-4d8b-9ed3-7e3c3b5e0bee	d5ae1b35-c551-4500-b803-cd57f25da210	2026-05-21 11:57:57.782
63f02446-b57d-49d0-b83f-9cd00971dfee	2026-04-30 22:00:00	confirmed	2026-04-30 22:03:00	6e487011-62b1-4d8b-9ed3-7e3c3b5e0bee	d5ae1b35-c551-4500-b803-cd57f25da210	2026-05-21 11:57:57.782
c9e9f33c-d399-4836-a361-b2043c4dc245	2026-05-01 11:00:00	late	2026-05-01 12:25:00	6e487011-62b1-4d8b-9ed3-7e3c3b5e0bee	d5ae1b35-c551-4500-b803-cd57f25da210	2026-05-21 11:57:57.782
aad7c095-2f77-4aa5-8747-5ff5039d9a05	2026-05-01 22:00:00	confirmed	2026-05-01 22:00:00	6e487011-62b1-4d8b-9ed3-7e3c3b5e0bee	d5ae1b35-c551-4500-b803-cd57f25da210	2026-05-21 11:57:57.782
71cce114-62dc-48ca-84de-52faa202c9ad	2026-05-02 11:00:00	late	2026-05-02 12:14:00	6e487011-62b1-4d8b-9ed3-7e3c3b5e0bee	d5ae1b35-c551-4500-b803-cd57f25da210	2026-05-21 11:57:57.782
cdee96f7-2fe0-4832-9be2-c41d8466504d	2026-05-02 22:00:00	confirmed	2026-05-02 22:06:00	6e487011-62b1-4d8b-9ed3-7e3c3b5e0bee	d5ae1b35-c551-4500-b803-cd57f25da210	2026-05-21 11:57:57.782
c0ce9607-ccf7-4b9e-9790-108377a99af7	2026-05-03 11:00:00	confirmed	2026-05-03 11:07:00	6e487011-62b1-4d8b-9ed3-7e3c3b5e0bee	d5ae1b35-c551-4500-b803-cd57f25da210	2026-05-21 11:57:57.782
8e3bfb48-fd0b-43e4-9c5c-d4d580bc0211	2026-05-03 22:00:00	confirmed	2026-05-03 22:08:00	6e487011-62b1-4d8b-9ed3-7e3c3b5e0bee	d5ae1b35-c551-4500-b803-cd57f25da210	2026-05-21 11:57:57.782
ec2340c2-1794-4bec-a170-747dec9531fb	2026-05-04 11:00:00	skipped	\N	6e487011-62b1-4d8b-9ed3-7e3c3b5e0bee	d5ae1b35-c551-4500-b803-cd57f25da210	2026-05-21 11:57:57.782
c7ce8abd-1824-4165-a360-783ef86a8158	2026-05-04 22:00:00	confirmed	2026-05-04 22:08:00	6e487011-62b1-4d8b-9ed3-7e3c3b5e0bee	d5ae1b35-c551-4500-b803-cd57f25da210	2026-05-21 11:57:57.782
a291bdcb-9a1a-4f31-bcdb-7e13479ef247	2026-05-05 11:00:00	skipped	\N	6e487011-62b1-4d8b-9ed3-7e3c3b5e0bee	d5ae1b35-c551-4500-b803-cd57f25da210	2026-05-21 11:57:57.782
e18d91f0-e396-4c97-836a-025916e793cd	2026-05-05 22:00:00	confirmed	2026-05-05 22:04:00	6e487011-62b1-4d8b-9ed3-7e3c3b5e0bee	d5ae1b35-c551-4500-b803-cd57f25da210	2026-05-21 11:57:57.782
c02e8f21-947c-428a-add0-4ea255d36184	2026-05-06 11:00:00	skipped	\N	6e487011-62b1-4d8b-9ed3-7e3c3b5e0bee	d5ae1b35-c551-4500-b803-cd57f25da210	2026-05-21 11:57:57.782
7f47891e-6ad7-4bcf-b921-e06d27d379b5	2026-05-06 22:00:00	confirmed	2026-05-06 22:06:00	6e487011-62b1-4d8b-9ed3-7e3c3b5e0bee	d5ae1b35-c551-4500-b803-cd57f25da210	2026-05-21 11:57:57.782
00b05fe7-2d73-4b52-b80d-ad38d94f9ecc	2026-05-07 11:00:00	skipped	\N	6e487011-62b1-4d8b-9ed3-7e3c3b5e0bee	d5ae1b35-c551-4500-b803-cd57f25da210	2026-05-21 11:57:57.782
1a176888-3339-423a-a563-b72852387102	2026-05-07 22:00:00	confirmed	2026-05-07 22:03:00	6e487011-62b1-4d8b-9ed3-7e3c3b5e0bee	d5ae1b35-c551-4500-b803-cd57f25da210	2026-05-21 11:57:57.782
28f8cd75-3596-477e-9b67-dfbd7d58d3b4	2026-05-08 11:00:00	confirmed	2026-05-08 11:01:00	6e487011-62b1-4d8b-9ed3-7e3c3b5e0bee	d5ae1b35-c551-4500-b803-cd57f25da210	2026-05-21 11:57:57.782
7052de91-0ddf-4056-8663-facc43937751	2026-05-08 22:00:00	late	2026-05-08 22:37:00	6e487011-62b1-4d8b-9ed3-7e3c3b5e0bee	d5ae1b35-c551-4500-b803-cd57f25da210	2026-05-21 11:57:57.782
ca295a1f-7c77-4c17-965e-651a29cbcb35	2026-05-09 11:00:00	skipped	\N	6e487011-62b1-4d8b-9ed3-7e3c3b5e0bee	d5ae1b35-c551-4500-b803-cd57f25da210	2026-05-21 11:57:57.782
738c82c0-a340-4590-af00-58b7b5208abe	2026-05-09 22:00:00	skipped	\N	6e487011-62b1-4d8b-9ed3-7e3c3b5e0bee	d5ae1b35-c551-4500-b803-cd57f25da210	2026-05-21 11:57:57.782
ade871a6-f96c-4877-945a-e9286cb82f94	2026-05-10 11:00:00	skipped	\N	6e487011-62b1-4d8b-9ed3-7e3c3b5e0bee	d5ae1b35-c551-4500-b803-cd57f25da210	2026-05-21 11:57:57.782
0aa91bf1-06a5-4b4d-aba3-04e19f379538	2026-05-10 22:00:00	confirmed	2026-05-10 22:04:00	6e487011-62b1-4d8b-9ed3-7e3c3b5e0bee	d5ae1b35-c551-4500-b803-cd57f25da210	2026-05-21 11:57:57.782
cd25c8b5-a6fa-4893-a731-90c04260d32c	2026-05-11 11:00:00	skipped	\N	6e487011-62b1-4d8b-9ed3-7e3c3b5e0bee	d5ae1b35-c551-4500-b803-cd57f25da210	2026-05-21 11:57:57.782
c37b408e-53b3-442b-a4ec-c231a51dd1b1	2026-05-11 22:00:00	confirmed	2026-05-11 22:00:00	6e487011-62b1-4d8b-9ed3-7e3c3b5e0bee	d5ae1b35-c551-4500-b803-cd57f25da210	2026-05-21 11:57:57.782
340ca457-f042-4fe4-b13f-848f59d07064	2026-05-12 11:00:00	confirmed	2026-05-12 11:01:00	6e487011-62b1-4d8b-9ed3-7e3c3b5e0bee	d5ae1b35-c551-4500-b803-cd57f25da210	2026-05-21 11:57:57.782
4ca9c716-70a1-4b33-a631-d0a6437d2bb1	2026-05-12 22:00:00	confirmed	2026-05-12 22:07:00	6e487011-62b1-4d8b-9ed3-7e3c3b5e0bee	d5ae1b35-c551-4500-b803-cd57f25da210	2026-05-21 11:57:57.782
72a188f9-2133-466e-974c-27d9452d5b8a	2026-05-13 11:00:00	skipped	\N	6e487011-62b1-4d8b-9ed3-7e3c3b5e0bee	d5ae1b35-c551-4500-b803-cd57f25da210	2026-05-21 11:57:57.782
8519533e-3cd5-406d-9004-22e785d6bc3c	2026-05-13 22:00:00	skipped	\N	6e487011-62b1-4d8b-9ed3-7e3c3b5e0bee	d5ae1b35-c551-4500-b803-cd57f25da210	2026-05-21 11:57:57.782
9a205bef-7af0-4668-ba71-cdc3360241cc	2026-05-14 11:00:00	confirmed	2026-05-14 11:06:00	6e487011-62b1-4d8b-9ed3-7e3c3b5e0bee	d5ae1b35-c551-4500-b803-cd57f25da210	2026-05-21 11:57:57.782
4b834617-a44f-481c-8a06-dcc09bcfe06d	2026-05-14 22:00:00	late	2026-05-14 23:07:00	6e487011-62b1-4d8b-9ed3-7e3c3b5e0bee	d5ae1b35-c551-4500-b803-cd57f25da210	2026-05-21 11:57:57.782
1016445c-4d19-4f34-a42b-a94c04a9196e	2026-05-15 11:00:00	confirmed	2026-05-15 11:04:00	6e487011-62b1-4d8b-9ed3-7e3c3b5e0bee	d5ae1b35-c551-4500-b803-cd57f25da210	2026-05-21 11:57:57.782
9d6eb59f-347d-48f9-b83f-6ddc3de46433	2026-05-15 22:00:00	confirmed	2026-05-15 22:05:00	6e487011-62b1-4d8b-9ed3-7e3c3b5e0bee	d5ae1b35-c551-4500-b803-cd57f25da210	2026-05-21 11:57:57.782
5df0f038-e5db-4169-aad1-d7d889df68a1	2026-05-16 11:00:00	skipped	\N	6e487011-62b1-4d8b-9ed3-7e3c3b5e0bee	d5ae1b35-c551-4500-b803-cd57f25da210	2026-05-21 11:57:57.782
3fc187ba-89c1-4a33-9242-644fa83c2e05	2026-05-16 22:00:00	confirmed	2026-05-16 22:00:00	6e487011-62b1-4d8b-9ed3-7e3c3b5e0bee	d5ae1b35-c551-4500-b803-cd57f25da210	2026-05-21 11:57:57.782
7989bcf3-c566-4c3a-ac69-e344e918c88c	2026-05-17 11:00:00	skipped	\N	6e487011-62b1-4d8b-9ed3-7e3c3b5e0bee	d5ae1b35-c551-4500-b803-cd57f25da210	2026-05-21 11:57:57.782
1dde118e-f3e0-403c-8217-bd412455d115	2026-05-17 22:00:00	late	2026-05-17 22:33:00	6e487011-62b1-4d8b-9ed3-7e3c3b5e0bee	d5ae1b35-c551-4500-b803-cd57f25da210	2026-05-21 11:57:57.782
d784b92e-ced2-4762-9028-8f8192ee5612	2026-05-18 11:00:00	skipped	\N	6e487011-62b1-4d8b-9ed3-7e3c3b5e0bee	d5ae1b35-c551-4500-b803-cd57f25da210	2026-05-21 11:57:57.782
e04de4d4-ebb0-458c-9330-c748eb5e7723	2026-05-18 22:00:00	confirmed	2026-05-18 22:03:00	6e487011-62b1-4d8b-9ed3-7e3c3b5e0bee	d5ae1b35-c551-4500-b803-cd57f25da210	2026-05-21 11:57:57.782
7b483b50-9830-4351-b81b-ca79edff76d1	2026-05-19 11:00:00	confirmed	2026-05-19 11:04:00	6e487011-62b1-4d8b-9ed3-7e3c3b5e0bee	d5ae1b35-c551-4500-b803-cd57f25da210	2026-05-21 11:57:57.782
8bf45b83-ea8f-4636-ad29-8f374b845776	2026-05-19 22:00:00	confirmed	2026-05-19 22:03:00	6e487011-62b1-4d8b-9ed3-7e3c3b5e0bee	d5ae1b35-c551-4500-b803-cd57f25da210	2026-05-21 11:57:57.782
9be1e930-cc4e-431a-b467-3d5f95282ce7	2026-05-20 11:00:00	skipped	\N	6e487011-62b1-4d8b-9ed3-7e3c3b5e0bee	d5ae1b35-c551-4500-b803-cd57f25da210	2026-05-21 11:57:57.782
ac01f1a3-6a00-4f32-86ab-72ce23a13972	2026-05-20 22:00:00	confirmed	2026-05-20 22:05:00	6e487011-62b1-4d8b-9ed3-7e3c3b5e0bee	d5ae1b35-c551-4500-b803-cd57f25da210	2026-05-21 11:57:57.782
bc82a967-d95a-4fef-b6d9-c27d7cde498a	2026-05-21 11:00:00	confirmed	2026-05-21 11:09:00	6e487011-62b1-4d8b-9ed3-7e3c3b5e0bee	d5ae1b35-c551-4500-b803-cd57f25da210	2026-05-21 11:57:57.782
723eb13f-2b42-4f98-bd12-71e5e18cce08	2026-05-21 22:00:00	pending	\N	6e487011-62b1-4d8b-9ed3-7e3c3b5e0bee	d5ae1b35-c551-4500-b803-cd57f25da210	2026-05-21 11:57:57.782
549d27ad-e49e-42e3-89a4-10ede720e159	2026-04-21 10:00:00	late	2026-04-21 11:01:00	5bca2938-e3f1-4fd8-97c7-26ae9aa078d1	d5ae1b35-c551-4500-b803-cd57f25da210	2026-05-21 11:57:57.782
c21c6152-693f-4488-8b08-e0155411a960	2026-04-22 10:00:00	confirmed	2026-04-22 10:01:00	5bca2938-e3f1-4fd8-97c7-26ae9aa078d1	d5ae1b35-c551-4500-b803-cd57f25da210	2026-05-21 11:57:57.782
ff063af6-2215-4520-83b4-13f796eb1746	2026-04-23 10:00:00	confirmed	2026-04-23 10:08:00	5bca2938-e3f1-4fd8-97c7-26ae9aa078d1	d5ae1b35-c551-4500-b803-cd57f25da210	2026-05-21 11:57:57.782
a700c582-890c-4029-9163-dbe159cf8f81	2026-04-24 10:00:00	confirmed	2026-04-24 10:06:00	5bca2938-e3f1-4fd8-97c7-26ae9aa078d1	d5ae1b35-c551-4500-b803-cd57f25da210	2026-05-21 11:57:57.782
95b2e8dd-8a81-4128-a992-396ea05e554d	2026-04-25 10:00:00	skipped	\N	5bca2938-e3f1-4fd8-97c7-26ae9aa078d1	d5ae1b35-c551-4500-b803-cd57f25da210	2026-05-21 11:57:57.782
b0e23296-c6da-4060-8a8e-33729768b940	2026-04-26 10:00:00	late	2026-04-26 10:33:00	5bca2938-e3f1-4fd8-97c7-26ae9aa078d1	d5ae1b35-c551-4500-b803-cd57f25da210	2026-05-21 11:57:57.782
61d7b2ea-e95b-4fd9-b6d1-b4535532e83b	2026-04-27 10:00:00	late	2026-04-27 10:34:00	5bca2938-e3f1-4fd8-97c7-26ae9aa078d1	d5ae1b35-c551-4500-b803-cd57f25da210	2026-05-21 11:57:57.782
e71bd199-5338-4dfd-a065-cb3345a8f8db	2026-04-28 10:00:00	confirmed	2026-04-28 10:02:00	5bca2938-e3f1-4fd8-97c7-26ae9aa078d1	d5ae1b35-c551-4500-b803-cd57f25da210	2026-05-21 11:57:57.782
01b8a28a-634e-4724-b3ae-4e11e14a2354	2026-04-29 10:00:00	confirmed	2026-04-29 10:06:00	5bca2938-e3f1-4fd8-97c7-26ae9aa078d1	d5ae1b35-c551-4500-b803-cd57f25da210	2026-05-21 11:57:57.782
d685e44e-b7dd-4df0-a22a-6fd0ba477ffb	2026-04-30 10:00:00	confirmed	2026-04-30 10:09:00	5bca2938-e3f1-4fd8-97c7-26ae9aa078d1	d5ae1b35-c551-4500-b803-cd57f25da210	2026-05-21 11:57:57.782
f8276e07-e182-4a0e-9983-207dad6667a1	2026-05-01 10:00:00	confirmed	2026-05-01 10:05:00	5bca2938-e3f1-4fd8-97c7-26ae9aa078d1	d5ae1b35-c551-4500-b803-cd57f25da210	2026-05-21 11:57:57.782
9ade7d90-be1e-45a7-9bb1-5fa95b33d0ca	2026-05-02 10:00:00	skipped	\N	5bca2938-e3f1-4fd8-97c7-26ae9aa078d1	d5ae1b35-c551-4500-b803-cd57f25da210	2026-05-21 11:57:57.782
0bd63bc0-7f21-4b70-bea5-db1ed67e69ec	2026-05-03 10:00:00	confirmed	2026-05-03 10:08:00	5bca2938-e3f1-4fd8-97c7-26ae9aa078d1	d5ae1b35-c551-4500-b803-cd57f25da210	2026-05-21 11:57:57.782
2690012d-bc34-42bf-aab6-d403c8d7278b	2026-05-04 10:00:00	skipped	\N	5bca2938-e3f1-4fd8-97c7-26ae9aa078d1	d5ae1b35-c551-4500-b803-cd57f25da210	2026-05-21 11:57:57.782
425d8b0f-74b0-4026-8ab4-b4e831a5b7e3	2026-05-05 10:00:00	confirmed	2026-05-05 10:02:00	5bca2938-e3f1-4fd8-97c7-26ae9aa078d1	d5ae1b35-c551-4500-b803-cd57f25da210	2026-05-21 11:57:57.782
3bcba39b-1650-47fd-a085-8b0a0abce525	2026-05-06 10:00:00	confirmed	2026-05-06 10:03:00	5bca2938-e3f1-4fd8-97c7-26ae9aa078d1	d5ae1b35-c551-4500-b803-cd57f25da210	2026-05-21 11:57:57.782
cdf1be18-0cf4-4ee6-aafd-3c47f277c913	2026-05-07 10:00:00	late	2026-05-07 11:15:00	5bca2938-e3f1-4fd8-97c7-26ae9aa078d1	d5ae1b35-c551-4500-b803-cd57f25da210	2026-05-21 11:57:57.782
2d915a41-79a8-4538-8a0f-ab174a9a5265	2026-05-08 10:00:00	confirmed	2026-05-08 10:07:00	5bca2938-e3f1-4fd8-97c7-26ae9aa078d1	d5ae1b35-c551-4500-b803-cd57f25da210	2026-05-21 11:57:57.782
c2610c87-dbaa-472b-a834-4c31b77cd673	2026-05-09 10:00:00	skipped	\N	5bca2938-e3f1-4fd8-97c7-26ae9aa078d1	d5ae1b35-c551-4500-b803-cd57f25da210	2026-05-21 11:57:57.782
4a1c19a7-ab30-4ca1-a784-166dcc2b82b6	2026-05-10 10:00:00	confirmed	2026-05-10 10:09:00	5bca2938-e3f1-4fd8-97c7-26ae9aa078d1	d5ae1b35-c551-4500-b803-cd57f25da210	2026-05-21 11:57:57.782
6894cdcd-7f54-4047-9459-cfbee1d27eb6	2026-05-11 10:00:00	skipped	\N	5bca2938-e3f1-4fd8-97c7-26ae9aa078d1	d5ae1b35-c551-4500-b803-cd57f25da210	2026-05-21 11:57:57.782
9df8fce6-1186-4d5c-8ba4-1c1160040d89	2026-05-12 10:00:00	confirmed	2026-05-12 10:00:00	5bca2938-e3f1-4fd8-97c7-26ae9aa078d1	d5ae1b35-c551-4500-b803-cd57f25da210	2026-05-21 11:57:57.782
2de5ac51-308f-4969-afb5-ec5d8f4aad88	2026-05-13 10:00:00	skipped	\N	5bca2938-e3f1-4fd8-97c7-26ae9aa078d1	d5ae1b35-c551-4500-b803-cd57f25da210	2026-05-21 11:57:57.782
6073ce38-92de-4e96-b073-9bbfbd542723	2026-05-14 10:00:00	skipped	\N	5bca2938-e3f1-4fd8-97c7-26ae9aa078d1	d5ae1b35-c551-4500-b803-cd57f25da210	2026-05-21 11:57:57.782
8f4c1608-9999-47c4-9c0d-ddd71738ee8f	2026-05-15 10:00:00	confirmed	2026-05-15 10:04:00	5bca2938-e3f1-4fd8-97c7-26ae9aa078d1	d5ae1b35-c551-4500-b803-cd57f25da210	2026-05-21 11:57:57.782
5c173b7b-e157-49b7-a121-989e006564f6	2026-05-16 10:00:00	confirmed	2026-05-16 10:01:00	5bca2938-e3f1-4fd8-97c7-26ae9aa078d1	d5ae1b35-c551-4500-b803-cd57f25da210	2026-05-21 11:57:57.782
3a21307b-eb0e-4621-9cbf-a612ffaac450	2026-05-17 10:00:00	skipped	\N	5bca2938-e3f1-4fd8-97c7-26ae9aa078d1	d5ae1b35-c551-4500-b803-cd57f25da210	2026-05-21 11:57:57.782
661380c7-46db-4a44-b57a-5fc495cbce59	2026-05-18 10:00:00	skipped	\N	5bca2938-e3f1-4fd8-97c7-26ae9aa078d1	d5ae1b35-c551-4500-b803-cd57f25da210	2026-05-21 11:57:57.782
6340837d-bfb2-40de-a6d6-dc2820d0bad5	2026-05-19 10:00:00	late	2026-05-19 10:47:00	5bca2938-e3f1-4fd8-97c7-26ae9aa078d1	d5ae1b35-c551-4500-b803-cd57f25da210	2026-05-21 11:57:57.782
cc6cbcb2-faee-44e7-a2dc-ea66d23e7dfb	2026-05-20 10:00:00	skipped	\N	5bca2938-e3f1-4fd8-97c7-26ae9aa078d1	d5ae1b35-c551-4500-b803-cd57f25da210	2026-05-21 11:57:57.782
119f66ca-dbd6-4975-9efa-39bb90992a32	2026-05-21 10:00:00	skipped	\N	5bca2938-e3f1-4fd8-97c7-26ae9aa078d1	d5ae1b35-c551-4500-b803-cd57f25da210	2026-05-21 11:57:57.782
c95acb4f-2dd6-49de-bc66-7627ca787168	2026-04-21 10:00:00	confirmed	2026-04-21 10:04:00	34566277-961a-4fac-9a68-a22ac1648bfa	0a7d01be-3a2c-47d9-8101-8f965423092d	2026-05-21 11:57:57.782
1d4296aa-5646-4e4c-9ce7-05dd03d2d817	2026-04-22 10:00:00	confirmed	2026-04-22 10:01:00	34566277-961a-4fac-9a68-a22ac1648bfa	0a7d01be-3a2c-47d9-8101-8f965423092d	2026-05-21 11:57:57.782
780f2efb-6a9b-45d8-97a4-34607e4e1eb0	2026-04-23 10:00:00	confirmed	2026-04-23 10:04:00	34566277-961a-4fac-9a68-a22ac1648bfa	0a7d01be-3a2c-47d9-8101-8f965423092d	2026-05-21 11:57:57.782
2f156955-89a9-41ea-9b1b-42dd32b8e00f	2026-04-24 10:00:00	confirmed	2026-04-24 10:06:00	34566277-961a-4fac-9a68-a22ac1648bfa	0a7d01be-3a2c-47d9-8101-8f965423092d	2026-05-21 11:57:57.782
faa0ae55-3a17-4f5f-9d46-ccb724f480c0	2026-04-25 10:00:00	confirmed	2026-04-25 10:00:00	34566277-961a-4fac-9a68-a22ac1648bfa	0a7d01be-3a2c-47d9-8101-8f965423092d	2026-05-21 11:57:57.782
ce84c3eb-a24c-49e4-82a0-f83f60919b66	2026-04-26 10:00:00	confirmed	2026-04-26 10:06:00	34566277-961a-4fac-9a68-a22ac1648bfa	0a7d01be-3a2c-47d9-8101-8f965423092d	2026-05-21 11:57:57.782
f8e327d6-89e3-4b1a-b604-5dc8f98211b4	2026-04-27 10:00:00	late	2026-04-27 11:17:00	34566277-961a-4fac-9a68-a22ac1648bfa	0a7d01be-3a2c-47d9-8101-8f965423092d	2026-05-21 11:57:57.782
8a279c38-ee39-4ca3-a6b8-715531828fba	2026-04-28 10:00:00	skipped	\N	34566277-961a-4fac-9a68-a22ac1648bfa	0a7d01be-3a2c-47d9-8101-8f965423092d	2026-05-21 11:57:57.782
b63dcd28-c557-4f4e-89e8-78ba2eb878f2	2026-04-29 10:00:00	confirmed	2026-04-29 10:00:00	34566277-961a-4fac-9a68-a22ac1648bfa	0a7d01be-3a2c-47d9-8101-8f965423092d	2026-05-21 11:57:57.782
475cb8f3-148b-4277-b66e-ba4ad1473e1f	2026-04-30 10:00:00	skipped	\N	34566277-961a-4fac-9a68-a22ac1648bfa	0a7d01be-3a2c-47d9-8101-8f965423092d	2026-05-21 11:57:57.782
31ddcfc4-4423-4b25-b7fa-48b0a52b912b	2026-05-01 10:00:00	confirmed	2026-05-01 10:00:00	34566277-961a-4fac-9a68-a22ac1648bfa	0a7d01be-3a2c-47d9-8101-8f965423092d	2026-05-21 11:57:57.782
3302664c-09f2-4f82-83f8-93bb62cdcd3e	2026-05-02 10:00:00	confirmed	2026-05-02 10:01:00	34566277-961a-4fac-9a68-a22ac1648bfa	0a7d01be-3a2c-47d9-8101-8f965423092d	2026-05-21 11:57:57.782
df0b2e56-9008-40d8-b260-c2926293fcf1	2026-05-03 10:00:00	confirmed	2026-05-03 10:09:00	34566277-961a-4fac-9a68-a22ac1648bfa	0a7d01be-3a2c-47d9-8101-8f965423092d	2026-05-21 11:57:57.782
4629efbe-774b-4cda-96ad-7967a8f31fd7	2026-05-04 10:00:00	confirmed	2026-05-04 10:06:00	34566277-961a-4fac-9a68-a22ac1648bfa	0a7d01be-3a2c-47d9-8101-8f965423092d	2026-05-21 11:57:57.782
af1310fd-3abe-4f60-9515-08f56fe5b824	2026-05-05 10:00:00	confirmed	2026-05-05 10:08:00	34566277-961a-4fac-9a68-a22ac1648bfa	0a7d01be-3a2c-47d9-8101-8f965423092d	2026-05-21 11:57:57.782
7273dce4-e952-48dc-a418-8760cf9df02e	2026-05-06 10:00:00	skipped	\N	34566277-961a-4fac-9a68-a22ac1648bfa	0a7d01be-3a2c-47d9-8101-8f965423092d	2026-05-21 11:57:57.782
88289fb0-02ab-4231-a1b9-f8939d2b0dc3	2026-05-07 10:00:00	skipped	\N	34566277-961a-4fac-9a68-a22ac1648bfa	0a7d01be-3a2c-47d9-8101-8f965423092d	2026-05-21 11:57:57.782
788b811f-bdc7-4770-925e-7496f88ad7d5	2026-05-08 10:00:00	skipped	\N	34566277-961a-4fac-9a68-a22ac1648bfa	0a7d01be-3a2c-47d9-8101-8f965423092d	2026-05-21 11:57:57.782
fd024eb4-f19e-4e3b-8b22-9f0a64466ac5	2026-05-09 10:00:00	skipped	\N	34566277-961a-4fac-9a68-a22ac1648bfa	0a7d01be-3a2c-47d9-8101-8f965423092d	2026-05-21 11:57:57.782
31704673-9486-4d53-82bf-25d4cb636528	2026-05-10 10:00:00	late	2026-05-10 10:48:00	34566277-961a-4fac-9a68-a22ac1648bfa	0a7d01be-3a2c-47d9-8101-8f965423092d	2026-05-21 11:57:57.782
80b1dc13-1d97-4beb-80dc-9e3fe03e1612	2026-05-11 10:00:00	late	2026-05-11 10:22:00	34566277-961a-4fac-9a68-a22ac1648bfa	0a7d01be-3a2c-47d9-8101-8f965423092d	2026-05-21 11:57:57.782
f0516358-c65b-49f2-8d25-d61a6ef9fffa	2026-05-12 10:00:00	confirmed	2026-05-12 10:07:00	34566277-961a-4fac-9a68-a22ac1648bfa	0a7d01be-3a2c-47d9-8101-8f965423092d	2026-05-21 11:57:57.782
50d17ce7-9f39-4249-97ea-18e4b32263b8	2026-05-13 10:00:00	skipped	\N	34566277-961a-4fac-9a68-a22ac1648bfa	0a7d01be-3a2c-47d9-8101-8f965423092d	2026-05-21 11:57:57.782
2e25bb29-9fbe-43ba-9c40-1a40d2b88fb0	2026-05-14 10:00:00	confirmed	2026-05-14 10:05:00	34566277-961a-4fac-9a68-a22ac1648bfa	0a7d01be-3a2c-47d9-8101-8f965423092d	2026-05-21 11:57:57.782
755ecfc3-8849-43b3-adf6-7307b3ade3a7	2026-05-15 10:00:00	late	2026-05-15 10:20:00	34566277-961a-4fac-9a68-a22ac1648bfa	0a7d01be-3a2c-47d9-8101-8f965423092d	2026-05-21 11:57:57.782
7a8e57ab-b675-490b-8f11-9b9db5bdc808	2026-05-16 10:00:00	skipped	\N	34566277-961a-4fac-9a68-a22ac1648bfa	0a7d01be-3a2c-47d9-8101-8f965423092d	2026-05-21 11:57:57.782
357d8054-0c65-4e15-8b42-434a6fcc4bdf	2026-05-17 10:00:00	skipped	\N	34566277-961a-4fac-9a68-a22ac1648bfa	0a7d01be-3a2c-47d9-8101-8f965423092d	2026-05-21 11:57:57.782
2a2b6160-48dd-4005-a534-0836461a9870	2026-05-18 10:00:00	skipped	\N	34566277-961a-4fac-9a68-a22ac1648bfa	0a7d01be-3a2c-47d9-8101-8f965423092d	2026-05-21 11:57:57.782
211736e0-454f-4035-87b2-ff0f65ae4ae2	2026-05-19 10:00:00	confirmed	2026-05-19 10:01:00	34566277-961a-4fac-9a68-a22ac1648bfa	0a7d01be-3a2c-47d9-8101-8f965423092d	2026-05-21 11:57:57.782
8219729d-0392-4d7f-91ab-a53fb5056754	2026-05-20 10:00:00	confirmed	2026-05-20 10:03:00	34566277-961a-4fac-9a68-a22ac1648bfa	0a7d01be-3a2c-47d9-8101-8f965423092d	2026-05-21 11:57:57.782
8cbe2aee-ba14-49cd-9a3f-912ab4f567bd	2026-05-21 10:00:00	skipped	\N	34566277-961a-4fac-9a68-a22ac1648bfa	0a7d01be-3a2c-47d9-8101-8f965423092d	2026-05-21 11:57:57.782
3dfc3471-0d0a-4d90-9aa2-d28dafd9a215	2026-04-22 00:00:00	confirmed	2026-04-22 00:00:00	0e4ed268-a2c6-4023-b108-310647e4a802	0a7d01be-3a2c-47d9-8101-8f965423092d	2026-05-21 11:57:57.782
6e4d133f-d084-44f7-aecd-07c20ada7c7a	2026-04-23 00:00:00	confirmed	2026-04-23 00:02:00	0e4ed268-a2c6-4023-b108-310647e4a802	0a7d01be-3a2c-47d9-8101-8f965423092d	2026-05-21 11:57:57.782
8f07c54b-8f03-4d31-babf-2553b1a94981	2026-04-24 00:00:00	skipped	\N	0e4ed268-a2c6-4023-b108-310647e4a802	0a7d01be-3a2c-47d9-8101-8f965423092d	2026-05-21 11:57:57.782
8edf6ff3-3eac-43a9-92b2-e8ef9b558134	2026-04-25 00:00:00	confirmed	2026-04-25 00:05:00	0e4ed268-a2c6-4023-b108-310647e4a802	0a7d01be-3a2c-47d9-8101-8f965423092d	2026-05-21 11:57:57.782
1139d62f-db9c-4278-93e2-d93988f8d9bb	2026-04-26 00:00:00	skipped	\N	0e4ed268-a2c6-4023-b108-310647e4a802	0a7d01be-3a2c-47d9-8101-8f965423092d	2026-05-21 11:57:57.782
e761201d-68d6-49a0-b93e-119e84bc91b6	2026-04-27 00:00:00	confirmed	2026-04-27 00:02:00	0e4ed268-a2c6-4023-b108-310647e4a802	0a7d01be-3a2c-47d9-8101-8f965423092d	2026-05-21 11:57:57.782
cd4e8ffe-d5a6-4627-9dad-6d77f6f1e897	2026-04-28 00:00:00	confirmed	2026-04-28 00:02:00	0e4ed268-a2c6-4023-b108-310647e4a802	0a7d01be-3a2c-47d9-8101-8f965423092d	2026-05-21 11:57:57.782
7b469e12-ec6e-4660-bad7-fcb4dc742264	2026-04-29 00:00:00	confirmed	2026-04-29 00:07:00	0e4ed268-a2c6-4023-b108-310647e4a802	0a7d01be-3a2c-47d9-8101-8f965423092d	2026-05-21 11:57:57.782
c565ec0b-5994-43ab-b490-3dec18ed47a7	2026-04-30 00:00:00	confirmed	2026-04-30 00:08:00	0e4ed268-a2c6-4023-b108-310647e4a802	0a7d01be-3a2c-47d9-8101-8f965423092d	2026-05-21 11:57:57.782
f6a0eb89-8b2a-4447-a718-73bdad80a95d	2026-05-01 00:00:00	skipped	\N	0e4ed268-a2c6-4023-b108-310647e4a802	0a7d01be-3a2c-47d9-8101-8f965423092d	2026-05-21 11:57:57.782
8562ceb1-d021-4f02-ab63-0a9771861180	2026-05-02 00:00:00	confirmed	2026-05-02 00:02:00	0e4ed268-a2c6-4023-b108-310647e4a802	0a7d01be-3a2c-47d9-8101-8f965423092d	2026-05-21 11:57:57.782
b670b289-e1e1-44e3-9b77-f2fbdd19bbc5	2026-05-03 00:00:00	skipped	\N	0e4ed268-a2c6-4023-b108-310647e4a802	0a7d01be-3a2c-47d9-8101-8f965423092d	2026-05-21 11:57:57.782
f91ff5c0-999c-4b71-9234-3f3ef228f2a0	2026-05-04 00:00:00	confirmed	2026-05-04 00:04:00	0e4ed268-a2c6-4023-b108-310647e4a802	0a7d01be-3a2c-47d9-8101-8f965423092d	2026-05-21 11:57:57.782
e6de197e-cb50-4c24-bfc3-0cf88f5892c1	2026-05-05 00:00:00	confirmed	2026-05-05 00:02:00	0e4ed268-a2c6-4023-b108-310647e4a802	0a7d01be-3a2c-47d9-8101-8f965423092d	2026-05-21 11:57:57.782
899e2f34-9462-4e69-827a-068e7f089311	2026-05-06 00:00:00	confirmed	2026-05-06 00:07:00	0e4ed268-a2c6-4023-b108-310647e4a802	0a7d01be-3a2c-47d9-8101-8f965423092d	2026-05-21 11:57:57.782
5097ea6c-fbcf-4fb3-addb-1d23cc7654d2	2026-05-07 00:00:00	skipped	\N	0e4ed268-a2c6-4023-b108-310647e4a802	0a7d01be-3a2c-47d9-8101-8f965423092d	2026-05-21 11:57:57.782
20aa2164-5e8b-4149-abb8-ecf384b0ee4d	2026-05-08 00:00:00	confirmed	2026-05-08 00:09:00	0e4ed268-a2c6-4023-b108-310647e4a802	0a7d01be-3a2c-47d9-8101-8f965423092d	2026-05-21 11:57:57.782
93b2db00-4fc6-4e70-89d6-1313150d9510	2026-05-09 00:00:00	confirmed	2026-05-09 00:08:00	0e4ed268-a2c6-4023-b108-310647e4a802	0a7d01be-3a2c-47d9-8101-8f965423092d	2026-05-21 11:57:57.782
8ed0ec68-b899-40e2-bca3-386c00f845ee	2026-05-10 00:00:00	skipped	\N	0e4ed268-a2c6-4023-b108-310647e4a802	0a7d01be-3a2c-47d9-8101-8f965423092d	2026-05-21 11:57:57.782
c9c97d99-0e56-4be3-9f6d-a65b806a4431	2026-05-11 00:00:00	confirmed	2026-05-11 00:05:00	0e4ed268-a2c6-4023-b108-310647e4a802	0a7d01be-3a2c-47d9-8101-8f965423092d	2026-05-21 11:57:57.782
f63fa312-d17a-4107-bd59-0bc92b570011	2026-05-12 00:00:00	skipped	\N	0e4ed268-a2c6-4023-b108-310647e4a802	0a7d01be-3a2c-47d9-8101-8f965423092d	2026-05-21 11:57:57.782
b9acced7-b4bc-4ab5-9541-f5e3e30287d2	2026-05-13 00:00:00	skipped	\N	0e4ed268-a2c6-4023-b108-310647e4a802	0a7d01be-3a2c-47d9-8101-8f965423092d	2026-05-21 11:57:57.782
4d141651-6e43-43c2-8b27-ab7b24ede735	2026-05-14 00:00:00	confirmed	2026-05-14 00:08:00	0e4ed268-a2c6-4023-b108-310647e4a802	0a7d01be-3a2c-47d9-8101-8f965423092d	2026-05-21 11:57:57.782
3c0a67e8-7819-4b75-ac8b-ca406957a2f3	2026-05-15 00:00:00	skipped	\N	0e4ed268-a2c6-4023-b108-310647e4a802	0a7d01be-3a2c-47d9-8101-8f965423092d	2026-05-21 11:57:57.782
128be571-3f25-4149-a7d0-2c264d9bec8b	2026-05-16 00:00:00	confirmed	2026-05-16 00:08:00	0e4ed268-a2c6-4023-b108-310647e4a802	0a7d01be-3a2c-47d9-8101-8f965423092d	2026-05-21 11:57:57.782
3bb608e3-0648-4937-a9c3-99ea3f749999	2026-05-17 00:00:00	skipped	\N	0e4ed268-a2c6-4023-b108-310647e4a802	0a7d01be-3a2c-47d9-8101-8f965423092d	2026-05-21 11:57:57.782
ed428627-6b0a-4d50-877a-4be61c799bac	2026-05-18 00:00:00	skipped	\N	0e4ed268-a2c6-4023-b108-310647e4a802	0a7d01be-3a2c-47d9-8101-8f965423092d	2026-05-21 11:57:57.782
8871b9a6-d622-4a52-8cd1-5fac8500fd75	2026-05-19 00:00:00	skipped	\N	0e4ed268-a2c6-4023-b108-310647e4a802	0a7d01be-3a2c-47d9-8101-8f965423092d	2026-05-21 11:57:57.782
d7200236-fbc5-4ef1-92c3-113446f96088	2026-05-20 00:00:00	skipped	\N	0e4ed268-a2c6-4023-b108-310647e4a802	0a7d01be-3a2c-47d9-8101-8f965423092d	2026-05-21 11:57:57.782
84a1574e-4399-4ebd-8cd5-3e30aa500b14	2026-05-21 00:00:00	confirmed	2026-05-21 00:09:00	0e4ed268-a2c6-4023-b108-310647e4a802	0a7d01be-3a2c-47d9-8101-8f965423092d	2026-05-21 11:57:57.782
63b40856-2bae-47f4-8003-532e90b574e0	2026-05-22 00:00:00	pending	\N	0e4ed268-a2c6-4023-b108-310647e4a802	0a7d01be-3a2c-47d9-8101-8f965423092d	2026-05-21 11:57:57.782
e3b51bab-112b-437b-a72d-b120b6fb5e0a	2026-04-21 10:30:00	confirmed	2026-04-21 10:37:00	f0dce20f-9e62-41c1-909d-1dec5f7c5a61	0a7d01be-3a2c-47d9-8101-8f965423092d	2026-05-21 11:57:57.782
50dd0b48-eef6-4a37-bd4e-2e1449e9aedb	2026-04-21 21:30:00	confirmed	2026-04-21 21:38:00	f0dce20f-9e62-41c1-909d-1dec5f7c5a61	0a7d01be-3a2c-47d9-8101-8f965423092d	2026-05-21 11:57:57.782
07ae910d-474f-4fad-af8c-de7ac5bd4f0f	2026-04-22 10:30:00	confirmed	2026-04-22 10:39:00	f0dce20f-9e62-41c1-909d-1dec5f7c5a61	0a7d01be-3a2c-47d9-8101-8f965423092d	2026-05-21 11:57:57.782
2c65e5f9-5d8c-4375-9175-89e68e3f64c7	2026-04-22 21:30:00	confirmed	2026-04-22 21:37:00	f0dce20f-9e62-41c1-909d-1dec5f7c5a61	0a7d01be-3a2c-47d9-8101-8f965423092d	2026-05-21 11:57:57.782
04e84879-e945-4148-b95f-4481968aeb71	2026-04-23 10:30:00	skipped	\N	f0dce20f-9e62-41c1-909d-1dec5f7c5a61	0a7d01be-3a2c-47d9-8101-8f965423092d	2026-05-21 11:57:57.782
50c441ac-b684-46c8-bc68-a9c4b5d3d43a	2026-04-23 21:30:00	confirmed	2026-04-23 21:31:00	f0dce20f-9e62-41c1-909d-1dec5f7c5a61	0a7d01be-3a2c-47d9-8101-8f965423092d	2026-05-21 11:57:57.782
a8ce04ea-a0f7-4252-9a36-d42e5a3abb33	2026-04-24 10:30:00	skipped	\N	f0dce20f-9e62-41c1-909d-1dec5f7c5a61	0a7d01be-3a2c-47d9-8101-8f965423092d	2026-05-21 11:57:57.782
a16025f5-8858-4c6c-9c20-d90e1135021b	2026-04-24 21:30:00	confirmed	2026-04-24 21:32:00	f0dce20f-9e62-41c1-909d-1dec5f7c5a61	0a7d01be-3a2c-47d9-8101-8f965423092d	2026-05-21 11:57:57.782
ab5f24c2-97e7-4563-ae58-b379b1886294	2026-04-25 10:30:00	confirmed	2026-04-25 10:34:00	f0dce20f-9e62-41c1-909d-1dec5f7c5a61	0a7d01be-3a2c-47d9-8101-8f965423092d	2026-05-21 11:57:57.782
fa4374ce-f9af-4c25-8918-f65b4e6145a5	2026-04-25 21:30:00	skipped	\N	f0dce20f-9e62-41c1-909d-1dec5f7c5a61	0a7d01be-3a2c-47d9-8101-8f965423092d	2026-05-21 11:57:57.782
3e831b76-9476-4b2d-8b50-e48b1066e89c	2026-04-26 10:30:00	confirmed	2026-04-26 10:32:00	f0dce20f-9e62-41c1-909d-1dec5f7c5a61	0a7d01be-3a2c-47d9-8101-8f965423092d	2026-05-21 11:57:57.782
8a967e00-e8ab-4834-bc80-27d8ef0a1d41	2026-04-26 21:30:00	confirmed	2026-04-26 21:34:00	f0dce20f-9e62-41c1-909d-1dec5f7c5a61	0a7d01be-3a2c-47d9-8101-8f965423092d	2026-05-21 11:57:57.782
72e5abc5-338e-41e8-bec2-7fb3b95478cc	2026-04-27 10:30:00	confirmed	2026-04-27 10:31:00	f0dce20f-9e62-41c1-909d-1dec5f7c5a61	0a7d01be-3a2c-47d9-8101-8f965423092d	2026-05-21 11:57:57.782
6ac10c9b-9bc1-4723-a621-914f8594ba29	2026-04-27 21:30:00	confirmed	2026-04-27 21:30:00	f0dce20f-9e62-41c1-909d-1dec5f7c5a61	0a7d01be-3a2c-47d9-8101-8f965423092d	2026-05-21 11:57:57.782
1016ad6c-ec7d-4486-874f-23e751de4490	2026-04-28 10:30:00	late	2026-04-28 11:12:00	f0dce20f-9e62-41c1-909d-1dec5f7c5a61	0a7d01be-3a2c-47d9-8101-8f965423092d	2026-05-21 11:57:57.782
24691347-99e6-418e-922a-def69330da5c	2026-04-28 21:30:00	late	2026-04-28 22:01:00	f0dce20f-9e62-41c1-909d-1dec5f7c5a61	0a7d01be-3a2c-47d9-8101-8f965423092d	2026-05-21 11:57:57.782
13d0c867-3147-4c64-ad33-14f3bae915c8	2026-04-29 10:30:00	confirmed	2026-04-29 10:39:00	f0dce20f-9e62-41c1-909d-1dec5f7c5a61	0a7d01be-3a2c-47d9-8101-8f965423092d	2026-05-21 11:57:57.782
7ed6bec7-c95a-458c-ac65-04b374918da3	2026-04-29 21:30:00	confirmed	2026-04-29 21:36:00	f0dce20f-9e62-41c1-909d-1dec5f7c5a61	0a7d01be-3a2c-47d9-8101-8f965423092d	2026-05-21 11:57:57.782
d80c1437-09da-4bfd-b547-c2c29bda78dc	2026-04-30 10:30:00	confirmed	2026-04-30 10:31:00	f0dce20f-9e62-41c1-909d-1dec5f7c5a61	0a7d01be-3a2c-47d9-8101-8f965423092d	2026-05-21 11:57:57.782
7d0372b7-9a56-40c2-8fa9-5612187a8dd6	2026-04-30 21:30:00	confirmed	2026-04-30 21:37:00	f0dce20f-9e62-41c1-909d-1dec5f7c5a61	0a7d01be-3a2c-47d9-8101-8f965423092d	2026-05-21 11:57:57.782
d93a2a50-dbc5-403f-b297-345ac081f501	2026-05-01 10:30:00	skipped	\N	f0dce20f-9e62-41c1-909d-1dec5f7c5a61	0a7d01be-3a2c-47d9-8101-8f965423092d	2026-05-21 11:57:57.782
2e4ad8f6-5630-470c-a4da-b2b54e695ce1	2026-05-01 21:30:00	skipped	\N	f0dce20f-9e62-41c1-909d-1dec5f7c5a61	0a7d01be-3a2c-47d9-8101-8f965423092d	2026-05-21 11:57:57.782
15d71c60-89bf-4fc2-8570-b00cdc24a81f	2026-05-02 10:30:00	skipped	\N	f0dce20f-9e62-41c1-909d-1dec5f7c5a61	0a7d01be-3a2c-47d9-8101-8f965423092d	2026-05-21 11:57:57.782
65466a1d-c0b5-4e7b-94a4-ce2829021b3f	2026-05-02 21:30:00	confirmed	2026-05-02 21:32:00	f0dce20f-9e62-41c1-909d-1dec5f7c5a61	0a7d01be-3a2c-47d9-8101-8f965423092d	2026-05-21 11:57:57.782
6ddcf91c-86df-40a7-af27-bd7aad1c8363	2026-05-03 10:30:00	confirmed	2026-05-03 10:36:00	f0dce20f-9e62-41c1-909d-1dec5f7c5a61	0a7d01be-3a2c-47d9-8101-8f965423092d	2026-05-21 11:57:57.782
68c3686e-69aa-455d-a9f1-ed56749b15b1	2026-05-03 21:30:00	confirmed	2026-05-03 21:38:00	f0dce20f-9e62-41c1-909d-1dec5f7c5a61	0a7d01be-3a2c-47d9-8101-8f965423092d	2026-05-21 11:57:57.782
3c66cba6-df99-456b-9ffc-8507843092d8	2026-05-04 10:30:00	skipped	\N	f0dce20f-9e62-41c1-909d-1dec5f7c5a61	0a7d01be-3a2c-47d9-8101-8f965423092d	2026-05-21 11:57:57.782
1c041920-d53f-4d14-8ce5-008f7c386d1e	2026-05-04 21:30:00	skipped	\N	f0dce20f-9e62-41c1-909d-1dec5f7c5a61	0a7d01be-3a2c-47d9-8101-8f965423092d	2026-05-21 11:57:57.782
73c4df62-9fcf-4065-b26f-117527e329ca	2026-05-05 10:30:00	confirmed	2026-05-05 10:30:00	f0dce20f-9e62-41c1-909d-1dec5f7c5a61	0a7d01be-3a2c-47d9-8101-8f965423092d	2026-05-21 11:57:57.782
47248a7f-54e1-4402-81be-530bb1a58e67	2026-05-05 21:30:00	confirmed	2026-05-05 21:37:00	f0dce20f-9e62-41c1-909d-1dec5f7c5a61	0a7d01be-3a2c-47d9-8101-8f965423092d	2026-05-21 11:57:57.782
98c977fb-03b3-45f0-bb84-3d1760fdff03	2026-05-06 10:30:00	late	2026-05-06 11:03:00	f0dce20f-9e62-41c1-909d-1dec5f7c5a61	0a7d01be-3a2c-47d9-8101-8f965423092d	2026-05-21 11:57:57.782
9d8eaf60-be79-47b0-8a3d-ed4eb151c0bd	2026-05-06 21:30:00	confirmed	2026-05-06 21:38:00	f0dce20f-9e62-41c1-909d-1dec5f7c5a61	0a7d01be-3a2c-47d9-8101-8f965423092d	2026-05-21 11:57:57.782
dc97c0dc-1546-4ee7-9daa-dcca360bea95	2026-05-07 10:30:00	confirmed	2026-05-07 10:33:00	f0dce20f-9e62-41c1-909d-1dec5f7c5a61	0a7d01be-3a2c-47d9-8101-8f965423092d	2026-05-21 11:57:57.782
54cc9a44-cc92-4290-9d45-55ce9b4bac39	2026-05-07 21:30:00	confirmed	2026-05-07 21:37:00	f0dce20f-9e62-41c1-909d-1dec5f7c5a61	0a7d01be-3a2c-47d9-8101-8f965423092d	2026-05-21 11:57:57.782
e75fe3ab-557a-4240-a3c8-3e78877b48a3	2026-05-08 10:30:00	confirmed	2026-05-08 10:38:00	f0dce20f-9e62-41c1-909d-1dec5f7c5a61	0a7d01be-3a2c-47d9-8101-8f965423092d	2026-05-21 11:57:57.782
db6cdb5f-e1f8-43f9-aae0-87b5a7013106	2026-05-08 21:30:00	confirmed	2026-05-08 21:31:00	f0dce20f-9e62-41c1-909d-1dec5f7c5a61	0a7d01be-3a2c-47d9-8101-8f965423092d	2026-05-21 11:57:57.782
7a1295d0-47fb-4446-aa19-10137c1eb3b3	2026-05-09 10:30:00	confirmed	2026-05-09 10:30:00	f0dce20f-9e62-41c1-909d-1dec5f7c5a61	0a7d01be-3a2c-47d9-8101-8f965423092d	2026-05-21 11:57:57.782
137a7023-7091-4b73-bda4-757a51f729f7	2026-05-09 21:30:00	confirmed	2026-05-09 21:33:00	f0dce20f-9e62-41c1-909d-1dec5f7c5a61	0a7d01be-3a2c-47d9-8101-8f965423092d	2026-05-21 11:57:57.782
e11c0c71-99dd-4abe-9e67-8bc30a9961ec	2026-05-10 10:30:00	confirmed	2026-05-10 10:35:00	f0dce20f-9e62-41c1-909d-1dec5f7c5a61	0a7d01be-3a2c-47d9-8101-8f965423092d	2026-05-21 11:57:57.782
d812c5da-f610-4a10-96bf-d1fde85b87c6	2026-05-10 21:30:00	confirmed	2026-05-10 21:30:00	f0dce20f-9e62-41c1-909d-1dec5f7c5a61	0a7d01be-3a2c-47d9-8101-8f965423092d	2026-05-21 11:57:57.782
42a4554e-678c-486f-b1c6-b29b730424b7	2026-05-11 10:30:00	skipped	\N	f0dce20f-9e62-41c1-909d-1dec5f7c5a61	0a7d01be-3a2c-47d9-8101-8f965423092d	2026-05-21 11:57:57.782
6aaaa1dd-1524-4e73-a8b7-8a052b61a4b1	2026-05-11 21:30:00	skipped	\N	f0dce20f-9e62-41c1-909d-1dec5f7c5a61	0a7d01be-3a2c-47d9-8101-8f965423092d	2026-05-21 11:57:57.782
80bfa6f8-5298-4bd0-b858-cbb624a5747c	2026-05-12 10:30:00	confirmed	2026-05-12 10:35:00	f0dce20f-9e62-41c1-909d-1dec5f7c5a61	0a7d01be-3a2c-47d9-8101-8f965423092d	2026-05-21 11:57:57.782
dc622f95-b30b-4d5a-bdd9-fdde92bc155b	2026-05-12 21:30:00	confirmed	2026-05-12 21:37:00	f0dce20f-9e62-41c1-909d-1dec5f7c5a61	0a7d01be-3a2c-47d9-8101-8f965423092d	2026-05-21 11:57:57.782
581d42e3-02d5-4b93-810d-b42bb2891784	2026-05-13 10:30:00	skipped	\N	f0dce20f-9e62-41c1-909d-1dec5f7c5a61	0a7d01be-3a2c-47d9-8101-8f965423092d	2026-05-21 11:57:57.782
8ce6f732-9b51-48ef-9b26-5bf7fb956057	2026-05-13 21:30:00	confirmed	2026-05-13 21:38:00	f0dce20f-9e62-41c1-909d-1dec5f7c5a61	0a7d01be-3a2c-47d9-8101-8f965423092d	2026-05-21 11:57:57.782
75f76434-8aff-4560-b66d-4a8e3c3477e8	2026-05-14 10:30:00	skipped	\N	f0dce20f-9e62-41c1-909d-1dec5f7c5a61	0a7d01be-3a2c-47d9-8101-8f965423092d	2026-05-21 11:57:57.782
4d3c1d49-e2a5-465e-8914-7548f2c2f728	2026-05-14 21:30:00	skipped	\N	f0dce20f-9e62-41c1-909d-1dec5f7c5a61	0a7d01be-3a2c-47d9-8101-8f965423092d	2026-05-21 11:57:57.782
3adda1f3-8780-4631-89f9-66c3ce168192	2026-05-15 10:30:00	confirmed	2026-05-15 10:36:00	f0dce20f-9e62-41c1-909d-1dec5f7c5a61	0a7d01be-3a2c-47d9-8101-8f965423092d	2026-05-21 11:57:57.782
1ba38b90-7544-4216-bef4-c2621b8a07e7	2026-05-15 21:30:00	confirmed	2026-05-15 21:33:00	f0dce20f-9e62-41c1-909d-1dec5f7c5a61	0a7d01be-3a2c-47d9-8101-8f965423092d	2026-05-21 11:57:57.782
9e234eab-0079-4548-80fa-80747ea4ae83	2026-05-16 10:30:00	confirmed	2026-05-16 10:39:00	f0dce20f-9e62-41c1-909d-1dec5f7c5a61	0a7d01be-3a2c-47d9-8101-8f965423092d	2026-05-21 11:57:57.782
6c0c9b0f-c913-4d1c-9b9d-20399e935b75	2026-05-16 21:30:00	confirmed	2026-05-16 21:34:00	f0dce20f-9e62-41c1-909d-1dec5f7c5a61	0a7d01be-3a2c-47d9-8101-8f965423092d	2026-05-21 11:57:57.782
a270a4f9-51bf-437b-94e5-f1f9e43efc0f	2026-05-17 10:30:00	confirmed	2026-05-17 10:30:00	f0dce20f-9e62-41c1-909d-1dec5f7c5a61	0a7d01be-3a2c-47d9-8101-8f965423092d	2026-05-21 11:57:57.782
9fc02cc0-6e20-4a5e-a328-e71a73ad475b	2026-05-17 21:30:00	skipped	\N	f0dce20f-9e62-41c1-909d-1dec5f7c5a61	0a7d01be-3a2c-47d9-8101-8f965423092d	2026-05-21 11:57:57.782
f7fa54ff-11d7-4ba2-bca1-1c47ca852aba	2026-05-18 10:30:00	confirmed	2026-05-18 10:35:00	f0dce20f-9e62-41c1-909d-1dec5f7c5a61	0a7d01be-3a2c-47d9-8101-8f965423092d	2026-05-21 11:57:57.782
e60546e1-ff80-4832-b59b-0f7f9bfd516e	2026-05-18 21:30:00	confirmed	2026-05-18 21:33:00	f0dce20f-9e62-41c1-909d-1dec5f7c5a61	0a7d01be-3a2c-47d9-8101-8f965423092d	2026-05-21 11:57:57.782
a8f75fb0-9421-4243-bc98-0259ee91952b	2026-05-19 10:30:00	skipped	\N	f0dce20f-9e62-41c1-909d-1dec5f7c5a61	0a7d01be-3a2c-47d9-8101-8f965423092d	2026-05-21 11:57:57.782
8f322c4d-6c7b-46a6-95f8-a3966cc7e242	2026-05-19 21:30:00	confirmed	2026-05-19 21:33:00	f0dce20f-9e62-41c1-909d-1dec5f7c5a61	0a7d01be-3a2c-47d9-8101-8f965423092d	2026-05-21 11:57:57.782
50a0ecf1-7999-4b25-99e5-1c435c6565dd	2026-05-20 10:30:00	confirmed	2026-05-20 10:36:00	f0dce20f-9e62-41c1-909d-1dec5f7c5a61	0a7d01be-3a2c-47d9-8101-8f965423092d	2026-05-21 11:57:57.782
812eb3e4-7f35-4041-8cd6-c5d92d279b0b	2026-05-20 21:30:00	skipped	\N	f0dce20f-9e62-41c1-909d-1dec5f7c5a61	0a7d01be-3a2c-47d9-8101-8f965423092d	2026-05-21 11:57:57.782
d554a314-ba43-4f44-b7a0-a14e5499dff9	2026-05-21 10:30:00	skipped	\N	f0dce20f-9e62-41c1-909d-1dec5f7c5a61	0a7d01be-3a2c-47d9-8101-8f965423092d	2026-05-21 11:57:57.782
d4abbd69-57dd-465c-bd8b-9247c2a43cc9	2026-05-21 21:30:00	pending	\N	f0dce20f-9e62-41c1-909d-1dec5f7c5a61	0a7d01be-3a2c-47d9-8101-8f965423092d	2026-05-21 11:57:57.782
e1788266-2530-4fd9-8a07-36747689ccf2	2026-04-22 00:00:00	confirmed	2026-04-22 00:07:00	29fa5528-87b8-4c50-abdc-2c45141ecd28	a8260a60-d568-4295-8c6f-b25150e72060	2026-05-21 11:57:57.782
185f7335-9d49-4605-8fe8-5ea55b07a4b4	2026-04-23 00:00:00	confirmed	2026-04-23 00:00:00	29fa5528-87b8-4c50-abdc-2c45141ecd28	a8260a60-d568-4295-8c6f-b25150e72060	2026-05-21 11:57:57.782
56aa3167-31f4-429c-8832-c94f846698d2	2026-04-24 00:00:00	confirmed	2026-04-24 00:01:00	29fa5528-87b8-4c50-abdc-2c45141ecd28	a8260a60-d568-4295-8c6f-b25150e72060	2026-05-21 11:57:57.782
006dbe13-6951-41e1-9b75-55665995e1b7	2026-04-25 00:00:00	late	2026-04-25 00:51:00	29fa5528-87b8-4c50-abdc-2c45141ecd28	a8260a60-d568-4295-8c6f-b25150e72060	2026-05-21 11:57:57.782
6b4a4373-19e2-4642-a2bc-1b32b0fff3a6	2026-04-26 00:00:00	confirmed	2026-04-26 00:04:00	29fa5528-87b8-4c50-abdc-2c45141ecd28	a8260a60-d568-4295-8c6f-b25150e72060	2026-05-21 11:57:57.782
21fbeb5c-a61a-427e-8d25-924d29578b4e	2026-04-27 00:00:00	late	2026-04-27 01:16:00	29fa5528-87b8-4c50-abdc-2c45141ecd28	a8260a60-d568-4295-8c6f-b25150e72060	2026-05-21 11:57:57.782
cce23147-a576-47a9-991a-23a7686e14a7	2026-04-28 00:00:00	confirmed	2026-04-28 00:06:00	29fa5528-87b8-4c50-abdc-2c45141ecd28	a8260a60-d568-4295-8c6f-b25150e72060	2026-05-21 11:57:57.782
9c3462fd-7faf-4f15-981f-59f19de53348	2026-04-29 00:00:00	skipped	\N	29fa5528-87b8-4c50-abdc-2c45141ecd28	a8260a60-d568-4295-8c6f-b25150e72060	2026-05-21 11:57:57.782
c3172054-1a58-4170-bc08-2caa0f9778f1	2026-04-30 00:00:00	skipped	\N	29fa5528-87b8-4c50-abdc-2c45141ecd28	a8260a60-d568-4295-8c6f-b25150e72060	2026-05-21 11:57:57.782
5cf1c225-1428-482d-93d4-d6866a84d4c6	2026-05-01 00:00:00	confirmed	2026-05-01 00:02:00	29fa5528-87b8-4c50-abdc-2c45141ecd28	a8260a60-d568-4295-8c6f-b25150e72060	2026-05-21 11:57:57.782
62833877-4fd2-45f6-8068-eef9426639ad	2026-05-02 00:00:00	confirmed	2026-05-02 00:07:00	29fa5528-87b8-4c50-abdc-2c45141ecd28	a8260a60-d568-4295-8c6f-b25150e72060	2026-05-21 11:57:57.782
daf33c97-6317-410c-86aa-cba52c7102f8	2026-05-03 00:00:00	confirmed	2026-05-03 00:05:00	29fa5528-87b8-4c50-abdc-2c45141ecd28	a8260a60-d568-4295-8c6f-b25150e72060	2026-05-21 11:57:57.782
4c7ac38c-2d25-4cc1-a989-e7030730c4cf	2026-05-04 00:00:00	confirmed	2026-05-04 00:02:00	29fa5528-87b8-4c50-abdc-2c45141ecd28	a8260a60-d568-4295-8c6f-b25150e72060	2026-05-21 11:57:57.782
a034dcc7-9801-411b-a44f-8e1b0f6af69d	2026-05-05 00:00:00	confirmed	2026-05-05 00:00:00	29fa5528-87b8-4c50-abdc-2c45141ecd28	a8260a60-d568-4295-8c6f-b25150e72060	2026-05-21 11:57:57.782
c9b67c3d-73f3-47da-b254-9ec154db6805	2026-05-06 00:00:00	confirmed	2026-05-06 00:07:00	29fa5528-87b8-4c50-abdc-2c45141ecd28	a8260a60-d568-4295-8c6f-b25150e72060	2026-05-21 11:57:57.782
ebe9a3f4-e88e-450e-9987-3ab0c0375df4	2026-05-07 00:00:00	confirmed	2026-05-07 00:07:00	29fa5528-87b8-4c50-abdc-2c45141ecd28	a8260a60-d568-4295-8c6f-b25150e72060	2026-05-21 11:57:57.782
a6f4a4eb-4e87-4c24-8e9c-0269412cbf24	2026-05-08 00:00:00	confirmed	2026-05-08 00:04:00	29fa5528-87b8-4c50-abdc-2c45141ecd28	a8260a60-d568-4295-8c6f-b25150e72060	2026-05-21 11:57:57.782
45a47a44-3684-428a-9503-6419455a280f	2026-05-09 00:00:00	confirmed	2026-05-09 00:06:00	29fa5528-87b8-4c50-abdc-2c45141ecd28	a8260a60-d568-4295-8c6f-b25150e72060	2026-05-21 11:57:57.782
d929db06-e336-4018-9e0f-39566c758275	2026-05-10 00:00:00	confirmed	2026-05-10 00:03:00	29fa5528-87b8-4c50-abdc-2c45141ecd28	a8260a60-d568-4295-8c6f-b25150e72060	2026-05-21 11:57:57.782
967d85c1-b941-4fde-8baa-be323f593c37	2026-05-11 00:00:00	confirmed	2026-05-11 00:01:00	29fa5528-87b8-4c50-abdc-2c45141ecd28	a8260a60-d568-4295-8c6f-b25150e72060	2026-05-21 11:57:57.782
0336dde9-0413-4db8-a3e1-0a9ed1045c80	2026-05-12 00:00:00	confirmed	2026-05-12 00:01:00	29fa5528-87b8-4c50-abdc-2c45141ecd28	a8260a60-d568-4295-8c6f-b25150e72060	2026-05-21 11:57:57.782
2a1a2391-3bc3-401e-b754-c347dcfe662d	2026-05-13 00:00:00	confirmed	2026-05-13 00:01:00	29fa5528-87b8-4c50-abdc-2c45141ecd28	a8260a60-d568-4295-8c6f-b25150e72060	2026-05-21 11:57:57.782
7a3833a5-8e27-44db-88e1-c0591d7c9069	2026-05-14 00:00:00	late	2026-05-14 00:48:00	29fa5528-87b8-4c50-abdc-2c45141ecd28	a8260a60-d568-4295-8c6f-b25150e72060	2026-05-21 11:57:57.782
72ece98e-1b0a-43ad-88f9-b0081007cfdd	2026-05-15 00:00:00	confirmed	2026-05-15 00:08:00	29fa5528-87b8-4c50-abdc-2c45141ecd28	a8260a60-d568-4295-8c6f-b25150e72060	2026-05-21 11:57:57.782
b8c6ac50-518f-4a28-b41a-14ed6a8773bf	2026-05-16 00:00:00	confirmed	2026-05-16 00:06:00	29fa5528-87b8-4c50-abdc-2c45141ecd28	a8260a60-d568-4295-8c6f-b25150e72060	2026-05-21 11:57:57.782
b14610a3-e1b0-4dcc-a159-a2db5808722d	2026-05-17 00:00:00	confirmed	2026-05-17 00:01:00	29fa5528-87b8-4c50-abdc-2c45141ecd28	a8260a60-d568-4295-8c6f-b25150e72060	2026-05-21 11:57:57.782
b80d4500-aed0-4849-ba46-4dc3ab0468e4	2026-05-18 00:00:00	confirmed	2026-05-18 00:07:00	29fa5528-87b8-4c50-abdc-2c45141ecd28	a8260a60-d568-4295-8c6f-b25150e72060	2026-05-21 11:57:57.782
cf924b74-3d72-4500-8415-12e45bf5001d	2026-05-19 00:00:00	skipped	\N	29fa5528-87b8-4c50-abdc-2c45141ecd28	a8260a60-d568-4295-8c6f-b25150e72060	2026-05-21 11:57:57.782
df163498-609f-496c-ac43-173294510ce0	2026-05-20 00:00:00	confirmed	2026-05-20 00:07:00	29fa5528-87b8-4c50-abdc-2c45141ecd28	a8260a60-d568-4295-8c6f-b25150e72060	2026-05-21 11:57:57.782
11da619c-24d2-4038-b686-b5e0c0111015	2026-05-21 00:00:00	confirmed	2026-05-21 00:00:00	29fa5528-87b8-4c50-abdc-2c45141ecd28	a8260a60-d568-4295-8c6f-b25150e72060	2026-05-21 11:57:57.782
89948bfd-7a5e-4768-9e5e-f61d45582955	2026-05-22 00:00:00	pending	\N	29fa5528-87b8-4c50-abdc-2c45141ecd28	a8260a60-d568-4295-8c6f-b25150e72060	2026-05-21 11:57:57.782
7d63389d-0321-47cc-824a-da1aa69bf95f	2026-04-21 10:30:00	confirmed	2026-04-21 10:35:00	84a728d6-3516-445d-852a-26602d5fffba	9e1f59e6-605b-43ad-92ee-9796b90517d8	2026-05-21 11:57:57.782
29fa97ef-7bfd-419c-9f27-104fc53f244a	2026-04-21 21:30:00	confirmed	2026-04-21 21:32:00	84a728d6-3516-445d-852a-26602d5fffba	9e1f59e6-605b-43ad-92ee-9796b90517d8	2026-05-21 11:57:57.782
e83b7a87-3144-4518-85a9-1956f224f1aa	2026-04-22 10:30:00	skipped	\N	84a728d6-3516-445d-852a-26602d5fffba	9e1f59e6-605b-43ad-92ee-9796b90517d8	2026-05-21 11:57:57.782
131cee96-ff90-4303-86e5-23506fcd19e1	2026-04-22 21:30:00	confirmed	2026-04-22 21:30:00	84a728d6-3516-445d-852a-26602d5fffba	9e1f59e6-605b-43ad-92ee-9796b90517d8	2026-05-21 11:57:57.782
d608fef6-ade2-4abd-9c69-40b7987ce209	2026-04-23 10:30:00	confirmed	2026-04-23 10:34:00	84a728d6-3516-445d-852a-26602d5fffba	9e1f59e6-605b-43ad-92ee-9796b90517d8	2026-05-21 11:57:57.782
99fd37d4-90df-4602-8a1b-3d34ae46611c	2026-04-23 21:30:00	confirmed	2026-04-23 21:34:00	84a728d6-3516-445d-852a-26602d5fffba	9e1f59e6-605b-43ad-92ee-9796b90517d8	2026-05-21 11:57:57.782
eda8f8c7-b9f3-4c89-80b6-94bf4d353812	2026-04-24 10:30:00	confirmed	2026-04-24 10:39:00	84a728d6-3516-445d-852a-26602d5fffba	9e1f59e6-605b-43ad-92ee-9796b90517d8	2026-05-21 11:57:57.782
49339f6e-4488-4e2f-9fb5-1895521df89b	2026-04-24 21:30:00	confirmed	2026-04-24 21:33:00	84a728d6-3516-445d-852a-26602d5fffba	9e1f59e6-605b-43ad-92ee-9796b90517d8	2026-05-21 11:57:57.782
2dd773a3-14ea-4062-8655-27144dc76440	2026-04-25 10:30:00	confirmed	2026-04-25 10:39:00	84a728d6-3516-445d-852a-26602d5fffba	9e1f59e6-605b-43ad-92ee-9796b90517d8	2026-05-21 11:57:57.782
ba189e45-82fd-4f4b-8a4c-0890acadefbd	2026-04-25 21:30:00	confirmed	2026-04-25 21:35:00	84a728d6-3516-445d-852a-26602d5fffba	9e1f59e6-605b-43ad-92ee-9796b90517d8	2026-05-21 11:57:57.782
9ab1dd82-b991-4b9c-a3f1-703492f83272	2026-04-26 10:30:00	confirmed	2026-04-26 10:37:00	84a728d6-3516-445d-852a-26602d5fffba	9e1f59e6-605b-43ad-92ee-9796b90517d8	2026-05-21 11:57:57.782
66f04906-c9e2-4b63-9e50-3dc75cfcf552	2026-04-26 21:30:00	confirmed	2026-04-26 21:31:00	84a728d6-3516-445d-852a-26602d5fffba	9e1f59e6-605b-43ad-92ee-9796b90517d8	2026-05-21 11:57:57.782
61049b65-41fc-41b8-9078-c3405ff12211	2026-04-27 10:30:00	confirmed	2026-04-27 10:37:00	84a728d6-3516-445d-852a-26602d5fffba	9e1f59e6-605b-43ad-92ee-9796b90517d8	2026-05-21 11:57:57.782
876bf7c0-60d6-4433-b56c-b1315b96c544	2026-04-27 21:30:00	confirmed	2026-04-27 21:35:00	84a728d6-3516-445d-852a-26602d5fffba	9e1f59e6-605b-43ad-92ee-9796b90517d8	2026-05-21 11:57:57.782
e036b54d-67f6-43b4-b3df-093f26f534f0	2026-04-28 10:30:00	confirmed	2026-04-28 10:35:00	84a728d6-3516-445d-852a-26602d5fffba	9e1f59e6-605b-43ad-92ee-9796b90517d8	2026-05-21 11:57:57.782
0b73133f-7ef5-4f1f-b41f-af9fb0801add	2026-04-28 21:30:00	confirmed	2026-04-28 21:35:00	84a728d6-3516-445d-852a-26602d5fffba	9e1f59e6-605b-43ad-92ee-9796b90517d8	2026-05-21 11:57:57.782
a9f75a1f-9d36-4bf8-834a-493086462380	2026-04-29 10:30:00	confirmed	2026-04-29 10:31:00	84a728d6-3516-445d-852a-26602d5fffba	9e1f59e6-605b-43ad-92ee-9796b90517d8	2026-05-21 11:57:57.782
4a6cefb6-68f7-424f-9f2c-d7b031cb7353	2026-04-29 21:30:00	skipped	\N	84a728d6-3516-445d-852a-26602d5fffba	9e1f59e6-605b-43ad-92ee-9796b90517d8	2026-05-21 11:57:57.782
2d144184-3e8a-467c-a95c-08bd9b2691c7	2026-04-30 10:30:00	confirmed	2026-04-30 10:30:00	84a728d6-3516-445d-852a-26602d5fffba	9e1f59e6-605b-43ad-92ee-9796b90517d8	2026-05-21 11:57:57.782
9eca03c2-0e65-4329-81af-c15da2333450	2026-04-30 21:30:00	confirmed	2026-04-30 21:37:00	84a728d6-3516-445d-852a-26602d5fffba	9e1f59e6-605b-43ad-92ee-9796b90517d8	2026-05-21 11:57:57.782
53353155-c3bd-49f0-b27b-a95ae734627e	2026-05-01 10:30:00	confirmed	2026-05-01 10:33:00	84a728d6-3516-445d-852a-26602d5fffba	9e1f59e6-605b-43ad-92ee-9796b90517d8	2026-05-21 11:57:57.782
11143c41-777b-4170-8a26-63ffc2c6d60f	2026-05-01 21:30:00	confirmed	2026-05-01 21:39:00	84a728d6-3516-445d-852a-26602d5fffba	9e1f59e6-605b-43ad-92ee-9796b90517d8	2026-05-21 11:57:57.782
077cb306-2340-460f-86b3-0d3a288dc6bc	2026-05-02 10:30:00	confirmed	2026-05-02 10:30:00	84a728d6-3516-445d-852a-26602d5fffba	9e1f59e6-605b-43ad-92ee-9796b90517d8	2026-05-21 11:57:57.782
562a4aa1-2124-475c-9e67-9f95393ae699	2026-05-02 21:30:00	confirmed	2026-05-02 21:35:00	84a728d6-3516-445d-852a-26602d5fffba	9e1f59e6-605b-43ad-92ee-9796b90517d8	2026-05-21 11:57:57.782
a1bb08ae-b8e7-43cc-adff-a27a3eff01c8	2026-05-03 10:30:00	confirmed	2026-05-03 10:35:00	84a728d6-3516-445d-852a-26602d5fffba	9e1f59e6-605b-43ad-92ee-9796b90517d8	2026-05-21 11:57:57.782
5bbe504e-7a20-471b-a458-92f32d47ce97	2026-05-03 21:30:00	confirmed	2026-05-03 21:30:00	84a728d6-3516-445d-852a-26602d5fffba	9e1f59e6-605b-43ad-92ee-9796b90517d8	2026-05-21 11:57:57.782
5a142772-2b6f-44f9-a64a-73f365384d59	2026-05-04 10:30:00	confirmed	2026-05-04 10:37:00	84a728d6-3516-445d-852a-26602d5fffba	9e1f59e6-605b-43ad-92ee-9796b90517d8	2026-05-21 11:57:57.782
fdd83047-4aa0-41e8-96fc-62746c72a815	2026-05-04 21:30:00	confirmed	2026-05-04 21:39:00	84a728d6-3516-445d-852a-26602d5fffba	9e1f59e6-605b-43ad-92ee-9796b90517d8	2026-05-21 11:57:57.782
49574628-8c9c-4e5b-a621-adba6df37190	2026-05-05 10:30:00	confirmed	2026-05-05 10:38:00	84a728d6-3516-445d-852a-26602d5fffba	9e1f59e6-605b-43ad-92ee-9796b90517d8	2026-05-21 11:57:57.782
d2e9ca8e-7d76-44f0-a195-4f4fb13b0ceb	2026-05-05 21:30:00	confirmed	2026-05-05 21:34:00	84a728d6-3516-445d-852a-26602d5fffba	9e1f59e6-605b-43ad-92ee-9796b90517d8	2026-05-21 11:57:57.782
c98a01fe-c034-47d1-9e75-5e0c65fcd653	2026-05-06 10:30:00	confirmed	2026-05-06 10:37:00	84a728d6-3516-445d-852a-26602d5fffba	9e1f59e6-605b-43ad-92ee-9796b90517d8	2026-05-21 11:57:57.782
63e15e18-1333-4a98-8df0-0e6686551ae9	2026-05-06 21:30:00	confirmed	2026-05-06 21:30:00	84a728d6-3516-445d-852a-26602d5fffba	9e1f59e6-605b-43ad-92ee-9796b90517d8	2026-05-21 11:57:57.782
b795fa9d-7264-4115-9b9b-d5c7a0aa5b72	2026-05-07 10:30:00	confirmed	2026-05-07 10:30:00	84a728d6-3516-445d-852a-26602d5fffba	9e1f59e6-605b-43ad-92ee-9796b90517d8	2026-05-21 11:57:57.782
789a2a0f-0913-4b8d-999b-7d23c5872160	2026-05-07 21:30:00	confirmed	2026-05-07 21:35:00	84a728d6-3516-445d-852a-26602d5fffba	9e1f59e6-605b-43ad-92ee-9796b90517d8	2026-05-21 11:57:57.782
96f1d5fc-8e74-4c79-9f98-2dfa1c634acd	2026-05-08 10:30:00	confirmed	2026-05-08 10:38:00	84a728d6-3516-445d-852a-26602d5fffba	9e1f59e6-605b-43ad-92ee-9796b90517d8	2026-05-21 11:57:57.782
0ae537f3-6bbd-425d-a97e-bdf8407e5a52	2026-05-08 21:30:00	confirmed	2026-05-08 21:32:00	84a728d6-3516-445d-852a-26602d5fffba	9e1f59e6-605b-43ad-92ee-9796b90517d8	2026-05-21 11:57:57.782
6dce6568-6774-411b-abb1-6e75b5a8e94a	2026-05-09 10:30:00	confirmed	2026-05-09 10:39:00	84a728d6-3516-445d-852a-26602d5fffba	9e1f59e6-605b-43ad-92ee-9796b90517d8	2026-05-21 11:57:57.782
672b328b-66fb-466d-bf4a-4d056dd5cc5d	2026-05-09 21:30:00	confirmed	2026-05-09 21:34:00	84a728d6-3516-445d-852a-26602d5fffba	9e1f59e6-605b-43ad-92ee-9796b90517d8	2026-05-21 11:57:57.782
d9227bfe-451d-4a60-969b-c72eb8b4a2d5	2026-05-10 10:30:00	confirmed	2026-05-10 10:34:00	84a728d6-3516-445d-852a-26602d5fffba	9e1f59e6-605b-43ad-92ee-9796b90517d8	2026-05-21 11:57:57.782
61060977-46f3-43c2-b23f-cc875345b431	2026-05-10 21:30:00	confirmed	2026-05-10 21:30:00	84a728d6-3516-445d-852a-26602d5fffba	9e1f59e6-605b-43ad-92ee-9796b90517d8	2026-05-21 11:57:57.782
e768a07e-a169-4525-be05-82af2955fb28	2026-05-11 10:30:00	confirmed	2026-05-11 10:34:00	84a728d6-3516-445d-852a-26602d5fffba	9e1f59e6-605b-43ad-92ee-9796b90517d8	2026-05-21 11:57:57.782
c3bcd8ac-d3f4-4b90-a600-4dabaaed50cc	2026-05-11 21:30:00	confirmed	2026-05-11 21:35:00	84a728d6-3516-445d-852a-26602d5fffba	9e1f59e6-605b-43ad-92ee-9796b90517d8	2026-05-21 11:57:57.782
a3997db8-91b8-4a12-a7c7-4be76afdf73c	2026-05-12 10:30:00	skipped	\N	84a728d6-3516-445d-852a-26602d5fffba	9e1f59e6-605b-43ad-92ee-9796b90517d8	2026-05-21 11:57:57.782
23d78e1a-6cbb-48df-8b21-95404c3c3742	2026-05-12 21:30:00	confirmed	2026-05-12 21:32:00	84a728d6-3516-445d-852a-26602d5fffba	9e1f59e6-605b-43ad-92ee-9796b90517d8	2026-05-21 11:57:57.782
42969fc5-831e-488a-b526-db1ead8d3b4f	2026-05-13 10:30:00	confirmed	2026-05-13 10:33:00	84a728d6-3516-445d-852a-26602d5fffba	9e1f59e6-605b-43ad-92ee-9796b90517d8	2026-05-21 11:57:57.782
593b7a53-a342-4c04-bcaf-21bedb38ed06	2026-05-13 21:30:00	late	2026-05-13 22:06:00	84a728d6-3516-445d-852a-26602d5fffba	9e1f59e6-605b-43ad-92ee-9796b90517d8	2026-05-21 11:57:57.782
e227191a-4136-460a-8dec-22b7e54c61c2	2026-05-14 10:30:00	confirmed	2026-05-14 10:30:00	84a728d6-3516-445d-852a-26602d5fffba	9e1f59e6-605b-43ad-92ee-9796b90517d8	2026-05-21 11:57:57.782
5ae041f7-7cb0-4c6a-9804-9b51bbb8e5d2	2026-05-14 21:30:00	confirmed	2026-05-14 21:34:00	84a728d6-3516-445d-852a-26602d5fffba	9e1f59e6-605b-43ad-92ee-9796b90517d8	2026-05-21 11:57:57.782
2b7725d0-5ab5-43fc-a2a2-9a2fba42e5f0	2026-05-15 10:30:00	confirmed	2026-05-15 10:30:00	84a728d6-3516-445d-852a-26602d5fffba	9e1f59e6-605b-43ad-92ee-9796b90517d8	2026-05-21 11:57:57.782
bea21ab6-371f-4d95-be85-b38ce70146c1	2026-05-15 21:30:00	confirmed	2026-05-15 21:32:00	84a728d6-3516-445d-852a-26602d5fffba	9e1f59e6-605b-43ad-92ee-9796b90517d8	2026-05-21 11:57:57.782
ce783c27-ada5-4e3b-b855-20d478dc1bd9	2026-05-16 10:30:00	confirmed	2026-05-16 10:30:00	84a728d6-3516-445d-852a-26602d5fffba	9e1f59e6-605b-43ad-92ee-9796b90517d8	2026-05-21 11:57:57.782
c7fefce4-f40c-4c43-97e8-ee63b4bd11b7	2026-05-16 21:30:00	confirmed	2026-05-16 21:38:00	84a728d6-3516-445d-852a-26602d5fffba	9e1f59e6-605b-43ad-92ee-9796b90517d8	2026-05-21 11:57:57.782
fa187a30-9d71-4d1f-a0c7-87aa91f1b941	2026-05-17 10:30:00	confirmed	2026-05-17 10:32:00	84a728d6-3516-445d-852a-26602d5fffba	9e1f59e6-605b-43ad-92ee-9796b90517d8	2026-05-21 11:57:57.782
9b047b8b-1536-483a-8a2d-2d54da5dc81b	2026-05-17 21:30:00	confirmed	2026-05-17 21:38:00	84a728d6-3516-445d-852a-26602d5fffba	9e1f59e6-605b-43ad-92ee-9796b90517d8	2026-05-21 11:57:57.782
c90eb61c-cfe2-4806-adde-d01975fb04b6	2026-05-18 10:30:00	confirmed	2026-05-18 10:39:00	84a728d6-3516-445d-852a-26602d5fffba	9e1f59e6-605b-43ad-92ee-9796b90517d8	2026-05-21 11:57:57.782
79861928-67a9-4e95-a212-e394b298d921	2026-05-18 21:30:00	confirmed	2026-05-18 21:39:00	84a728d6-3516-445d-852a-26602d5fffba	9e1f59e6-605b-43ad-92ee-9796b90517d8	2026-05-21 11:57:57.782
39ebf260-385a-4141-b210-03200c82c0ed	2026-05-19 10:30:00	confirmed	2026-05-19 10:30:00	84a728d6-3516-445d-852a-26602d5fffba	9e1f59e6-605b-43ad-92ee-9796b90517d8	2026-05-21 11:57:57.782
9b015566-2174-4ea1-bdd5-365869b0025d	2026-05-19 21:30:00	confirmed	2026-05-19 21:35:00	84a728d6-3516-445d-852a-26602d5fffba	9e1f59e6-605b-43ad-92ee-9796b90517d8	2026-05-21 11:57:57.782
cdad8548-3701-4686-9cf2-e222854882d4	2026-05-20 10:30:00	confirmed	2026-05-20 10:38:00	84a728d6-3516-445d-852a-26602d5fffba	9e1f59e6-605b-43ad-92ee-9796b90517d8	2026-05-21 11:57:57.782
79309b15-c66d-4f6d-b97d-50f4a65aaaef	2026-05-20 21:30:00	late	2026-05-20 21:53:00	84a728d6-3516-445d-852a-26602d5fffba	9e1f59e6-605b-43ad-92ee-9796b90517d8	2026-05-21 11:57:57.782
27feb328-7783-4860-a38b-2ba7bd1efe59	2026-05-21 10:30:00	skipped	\N	84a728d6-3516-445d-852a-26602d5fffba	9e1f59e6-605b-43ad-92ee-9796b90517d8	2026-05-21 11:57:57.782
a9b150d3-ff72-403c-bea8-413b6a0ca616	2026-05-21 21:30:00	pending	\N	84a728d6-3516-445d-852a-26602d5fffba	9e1f59e6-605b-43ad-92ee-9796b90517d8	2026-05-21 11:57:57.782
4e2f3642-f716-404f-8588-114c80fe76fb	2026-04-21 12:00:00	confirmed	2026-04-21 12:04:00	7f2df414-f546-46ce-9cd9-6fae28fe147a	9e1f59e6-605b-43ad-92ee-9796b90517d8	2026-05-21 11:57:57.782
5ceb33dd-926a-4a7e-9454-9c91507a1a64	2026-04-22 12:00:00	late	2026-04-22 12:58:00	7f2df414-f546-46ce-9cd9-6fae28fe147a	9e1f59e6-605b-43ad-92ee-9796b90517d8	2026-05-21 11:57:57.782
be235209-6bd1-4c3b-8497-9e9bc2ca6210	2026-04-23 12:00:00	confirmed	2026-04-23 12:03:00	7f2df414-f546-46ce-9cd9-6fae28fe147a	9e1f59e6-605b-43ad-92ee-9796b90517d8	2026-05-21 11:57:57.782
238c35b9-6483-4294-803c-fec1b8d188f6	2026-04-24 12:00:00	skipped	\N	7f2df414-f546-46ce-9cd9-6fae28fe147a	9e1f59e6-605b-43ad-92ee-9796b90517d8	2026-05-21 11:57:57.782
c4e478f2-2c91-4f5b-8744-6dac2d562dc8	2026-04-25 12:00:00	confirmed	2026-04-25 12:01:00	7f2df414-f546-46ce-9cd9-6fae28fe147a	9e1f59e6-605b-43ad-92ee-9796b90517d8	2026-05-21 11:57:57.782
ae293438-2f98-4781-9251-1efe2e195d0c	2026-04-26 12:00:00	confirmed	2026-04-26 12:09:00	7f2df414-f546-46ce-9cd9-6fae28fe147a	9e1f59e6-605b-43ad-92ee-9796b90517d8	2026-05-21 11:57:57.782
5cfc9246-5e3c-4e6d-ab83-123e5bc45187	2026-04-27 12:00:00	confirmed	2026-04-27 12:00:00	7f2df414-f546-46ce-9cd9-6fae28fe147a	9e1f59e6-605b-43ad-92ee-9796b90517d8	2026-05-21 11:57:57.782
a02dcb72-de78-4cdb-a85a-a2e72f774d80	2026-04-28 12:00:00	confirmed	2026-04-28 12:08:00	7f2df414-f546-46ce-9cd9-6fae28fe147a	9e1f59e6-605b-43ad-92ee-9796b90517d8	2026-05-21 11:57:57.782
ea0f887e-816f-4025-99f2-3d36031c2662	2026-04-29 12:00:00	skipped	\N	7f2df414-f546-46ce-9cd9-6fae28fe147a	9e1f59e6-605b-43ad-92ee-9796b90517d8	2026-05-21 11:57:57.782
dc46f4ac-3727-45fa-beff-ecb8f13bd7d9	2026-04-30 12:00:00	confirmed	2026-04-30 12:06:00	7f2df414-f546-46ce-9cd9-6fae28fe147a	9e1f59e6-605b-43ad-92ee-9796b90517d8	2026-05-21 11:57:57.782
83ea8486-aedc-453b-b9eb-8c48fe9409bb	2026-05-01 12:00:00	late	2026-05-01 13:05:00	7f2df414-f546-46ce-9cd9-6fae28fe147a	9e1f59e6-605b-43ad-92ee-9796b90517d8	2026-05-21 11:57:57.782
6a0d3b38-4de4-4ab0-9293-92f27f8a24ea	2026-05-02 12:00:00	confirmed	2026-05-02 12:07:00	7f2df414-f546-46ce-9cd9-6fae28fe147a	9e1f59e6-605b-43ad-92ee-9796b90517d8	2026-05-21 11:57:57.782
fbb64ef4-d09d-407b-bc53-77817beb4781	2026-05-03 12:00:00	confirmed	2026-05-03 12:08:00	7f2df414-f546-46ce-9cd9-6fae28fe147a	9e1f59e6-605b-43ad-92ee-9796b90517d8	2026-05-21 11:57:57.782
333068cc-bccf-4be5-9470-9f6f6613b2e7	2026-05-04 12:00:00	late	2026-05-04 13:04:00	7f2df414-f546-46ce-9cd9-6fae28fe147a	9e1f59e6-605b-43ad-92ee-9796b90517d8	2026-05-21 11:57:57.782
078ce183-fff1-434e-ad48-55b89c781456	2026-05-05 12:00:00	late	2026-05-05 13:00:00	7f2df414-f546-46ce-9cd9-6fae28fe147a	9e1f59e6-605b-43ad-92ee-9796b90517d8	2026-05-21 11:57:57.782
99871773-2d75-4402-9bca-09eafd9f3e35	2026-05-06 12:00:00	confirmed	2026-05-06 12:06:00	7f2df414-f546-46ce-9cd9-6fae28fe147a	9e1f59e6-605b-43ad-92ee-9796b90517d8	2026-05-21 11:57:57.782
aea47ec8-49d0-45e3-bb29-d0df5184dcea	2026-05-07 12:00:00	confirmed	2026-05-07 12:04:00	7f2df414-f546-46ce-9cd9-6fae28fe147a	9e1f59e6-605b-43ad-92ee-9796b90517d8	2026-05-21 11:57:57.782
98a78cab-8453-4b57-8c6b-73739179a338	2026-05-08 12:00:00	late	2026-05-08 12:55:00	7f2df414-f546-46ce-9cd9-6fae28fe147a	9e1f59e6-605b-43ad-92ee-9796b90517d8	2026-05-21 11:57:57.782
eeae8fdf-dc10-4a94-9844-4792a3fa1877	2026-05-09 12:00:00	confirmed	2026-05-09 12:06:00	7f2df414-f546-46ce-9cd9-6fae28fe147a	9e1f59e6-605b-43ad-92ee-9796b90517d8	2026-05-21 11:57:57.782
4c8bfd08-dd2e-433d-bc6c-971f0823d58b	2026-05-10 12:00:00	confirmed	2026-05-10 12:09:00	7f2df414-f546-46ce-9cd9-6fae28fe147a	9e1f59e6-605b-43ad-92ee-9796b90517d8	2026-05-21 11:57:57.782
44c117b4-ccb1-4eb0-be87-71ddc86a0705	2026-05-11 12:00:00	confirmed	2026-05-11 12:02:00	7f2df414-f546-46ce-9cd9-6fae28fe147a	9e1f59e6-605b-43ad-92ee-9796b90517d8	2026-05-21 11:57:57.782
b9fdbcec-be55-4c27-abbd-848e7e7507df	2026-05-12 12:00:00	confirmed	2026-05-12 12:08:00	7f2df414-f546-46ce-9cd9-6fae28fe147a	9e1f59e6-605b-43ad-92ee-9796b90517d8	2026-05-21 11:57:57.782
3af2e114-c8f0-4ab0-a5ea-e2e635011683	2026-05-13 12:00:00	confirmed	2026-05-13 12:01:00	7f2df414-f546-46ce-9cd9-6fae28fe147a	9e1f59e6-605b-43ad-92ee-9796b90517d8	2026-05-21 11:57:57.782
d174429f-a047-44ff-9429-22bef6072da7	2026-05-14 12:00:00	skipped	\N	7f2df414-f546-46ce-9cd9-6fae28fe147a	9e1f59e6-605b-43ad-92ee-9796b90517d8	2026-05-21 11:57:57.782
7ac7f066-3ece-4142-9ea0-b78d00199a3a	2026-05-15 12:00:00	confirmed	2026-05-15 12:05:00	7f2df414-f546-46ce-9cd9-6fae28fe147a	9e1f59e6-605b-43ad-92ee-9796b90517d8	2026-05-21 11:57:57.782
b3586fb2-6ea6-4ea5-9ca1-2a7071e9e628	2026-05-16 12:00:00	confirmed	2026-05-16 12:00:00	7f2df414-f546-46ce-9cd9-6fae28fe147a	9e1f59e6-605b-43ad-92ee-9796b90517d8	2026-05-21 11:57:57.782
b2f46720-ccb5-4e01-aa3c-b73c6ec120e6	2026-05-17 12:00:00	skipped	\N	7f2df414-f546-46ce-9cd9-6fae28fe147a	9e1f59e6-605b-43ad-92ee-9796b90517d8	2026-05-21 11:57:57.782
f84bbeea-52be-42f2-8f0c-ebadba6dba42	2026-05-18 12:00:00	confirmed	2026-05-18 12:08:00	7f2df414-f546-46ce-9cd9-6fae28fe147a	9e1f59e6-605b-43ad-92ee-9796b90517d8	2026-05-21 11:57:57.782
62bd02ca-ba33-4303-9309-46d3b4d86fc3	2026-05-19 12:00:00	confirmed	2026-05-19 12:06:00	7f2df414-f546-46ce-9cd9-6fae28fe147a	9e1f59e6-605b-43ad-92ee-9796b90517d8	2026-05-21 11:57:57.782
9a0c2777-9a67-4183-99c7-24103cb5a190	2026-05-20 12:00:00	confirmed	2026-05-20 12:09:00	7f2df414-f546-46ce-9cd9-6fae28fe147a	9e1f59e6-605b-43ad-92ee-9796b90517d8	2026-05-21 11:57:57.782
cf170c77-87c9-4fcd-b289-d480ebf38314	2026-05-21 12:00:00	pending	\N	7f2df414-f546-46ce-9cd9-6fae28fe147a	9e1f59e6-605b-43ad-92ee-9796b90517d8	2026-05-21 11:57:57.782
853c596d-f708-4770-af1a-22b39264cb16	2026-04-21 12:00:00	confirmed	2026-04-21 12:03:00	5b27b4aa-20fc-4740-b964-c0c9be07a064	e131d31d-0ddd-407d-ae2e-b2dc604eec8a	2026-05-21 11:57:57.782
4e6feafe-c220-4c38-a1ea-ffb3e7dbbb8e	2026-04-22 12:00:00	confirmed	2026-04-22 12:09:00	5b27b4aa-20fc-4740-b964-c0c9be07a064	e131d31d-0ddd-407d-ae2e-b2dc604eec8a	2026-05-21 11:57:57.782
ffbde3bb-a9a5-461d-8675-c0be6812a7f3	2026-04-23 12:00:00	confirmed	2026-04-23 12:06:00	5b27b4aa-20fc-4740-b964-c0c9be07a064	e131d31d-0ddd-407d-ae2e-b2dc604eec8a	2026-05-21 11:57:57.782
797f7445-cae3-4781-801c-be93a540fcb2	2026-04-24 12:00:00	confirmed	2026-04-24 12:02:00	5b27b4aa-20fc-4740-b964-c0c9be07a064	e131d31d-0ddd-407d-ae2e-b2dc604eec8a	2026-05-21 11:57:57.782
70bfd439-0569-4f56-a2a3-536ed93db7c3	2026-04-25 12:00:00	confirmed	2026-04-25 12:02:00	5b27b4aa-20fc-4740-b964-c0c9be07a064	e131d31d-0ddd-407d-ae2e-b2dc604eec8a	2026-05-21 11:57:57.782
8c3362bb-a998-4151-9325-5493fb6989ad	2026-04-26 12:00:00	confirmed	2026-04-26 12:02:00	5b27b4aa-20fc-4740-b964-c0c9be07a064	e131d31d-0ddd-407d-ae2e-b2dc604eec8a	2026-05-21 11:57:57.782
9c799110-ea0a-472a-b724-d3a435fc2b9d	2026-04-27 12:00:00	confirmed	2026-04-27 12:08:00	5b27b4aa-20fc-4740-b964-c0c9be07a064	e131d31d-0ddd-407d-ae2e-b2dc604eec8a	2026-05-21 11:57:57.782
3b9ce05f-eb63-49bb-beb5-8de5515e012c	2026-04-28 12:00:00	confirmed	2026-04-28 12:07:00	5b27b4aa-20fc-4740-b964-c0c9be07a064	e131d31d-0ddd-407d-ae2e-b2dc604eec8a	2026-05-21 11:57:57.782
9ff1db58-6c61-4631-a80b-d52f9a6dd6a4	2026-04-29 12:00:00	confirmed	2026-04-29 12:06:00	5b27b4aa-20fc-4740-b964-c0c9be07a064	e131d31d-0ddd-407d-ae2e-b2dc604eec8a	2026-05-21 11:57:57.782
e703e02f-4e56-42b2-b497-9e5068a98b44	2026-04-30 12:00:00	confirmed	2026-04-30 12:00:00	5b27b4aa-20fc-4740-b964-c0c9be07a064	e131d31d-0ddd-407d-ae2e-b2dc604eec8a	2026-05-21 11:57:57.782
2b5d7c8e-b694-4e8c-89f7-df3061a5ce1a	2026-05-01 12:00:00	confirmed	2026-05-01 12:02:00	5b27b4aa-20fc-4740-b964-c0c9be07a064	e131d31d-0ddd-407d-ae2e-b2dc604eec8a	2026-05-21 11:57:57.782
b3bb33b7-65d0-49e9-980c-238108c977f7	2026-05-02 12:00:00	confirmed	2026-05-02 12:08:00	5b27b4aa-20fc-4740-b964-c0c9be07a064	e131d31d-0ddd-407d-ae2e-b2dc604eec8a	2026-05-21 11:57:57.782
84bd9e3e-a7be-4e11-a8d9-7d1886bae774	2026-05-03 12:00:00	confirmed	2026-05-03 12:09:00	5b27b4aa-20fc-4740-b964-c0c9be07a064	e131d31d-0ddd-407d-ae2e-b2dc604eec8a	2026-05-21 11:57:57.782
0f6ce17a-7f6a-4093-abf2-35010c2e0f68	2026-05-04 12:00:00	confirmed	2026-05-04 12:01:00	5b27b4aa-20fc-4740-b964-c0c9be07a064	e131d31d-0ddd-407d-ae2e-b2dc604eec8a	2026-05-21 11:57:57.782
08381017-4951-4876-a719-44b7712530b4	2026-05-05 12:00:00	confirmed	2026-05-05 12:01:00	5b27b4aa-20fc-4740-b964-c0c9be07a064	e131d31d-0ddd-407d-ae2e-b2dc604eec8a	2026-05-21 11:57:57.782
3752817a-b0f4-48e8-a33b-72cd8d1a041f	2026-05-06 12:00:00	confirmed	2026-05-06 12:08:00	5b27b4aa-20fc-4740-b964-c0c9be07a064	e131d31d-0ddd-407d-ae2e-b2dc604eec8a	2026-05-21 11:57:57.782
7a726b4d-c392-49a0-abb3-f1d43b89e128	2026-05-07 12:00:00	confirmed	2026-05-07 12:04:00	5b27b4aa-20fc-4740-b964-c0c9be07a064	e131d31d-0ddd-407d-ae2e-b2dc604eec8a	2026-05-21 11:57:57.782
b9ffe25d-291f-40f4-9082-152180a96224	2026-05-08 12:00:00	confirmed	2026-05-08 12:03:00	5b27b4aa-20fc-4740-b964-c0c9be07a064	e131d31d-0ddd-407d-ae2e-b2dc604eec8a	2026-05-21 11:57:57.782
23c1eba6-a816-4730-a799-02da36ce2b58	2026-05-09 12:00:00	confirmed	2026-05-09 12:09:00	5b27b4aa-20fc-4740-b964-c0c9be07a064	e131d31d-0ddd-407d-ae2e-b2dc604eec8a	2026-05-21 11:57:57.782
246e377a-6904-4406-bb82-5ab58cf4fd8a	2026-05-10 12:00:00	confirmed	2026-05-10 12:00:00	5b27b4aa-20fc-4740-b964-c0c9be07a064	e131d31d-0ddd-407d-ae2e-b2dc604eec8a	2026-05-21 11:57:57.782
4937a191-b9e8-407a-91a7-41ee11e50045	2026-05-11 12:00:00	confirmed	2026-05-11 12:00:00	5b27b4aa-20fc-4740-b964-c0c9be07a064	e131d31d-0ddd-407d-ae2e-b2dc604eec8a	2026-05-21 11:57:57.782
53a1a2b0-a89b-422a-a59f-e2c74a920105	2026-05-12 12:00:00	confirmed	2026-05-12 12:02:00	5b27b4aa-20fc-4740-b964-c0c9be07a064	e131d31d-0ddd-407d-ae2e-b2dc604eec8a	2026-05-21 11:57:57.782
be5c0f47-56dc-4d45-9a5e-2ea365ed482a	2026-05-13 12:00:00	confirmed	2026-05-13 12:04:00	5b27b4aa-20fc-4740-b964-c0c9be07a064	e131d31d-0ddd-407d-ae2e-b2dc604eec8a	2026-05-21 11:57:57.782
a2430c54-0503-4687-ad7e-51eb1f5701f7	2026-05-14 12:00:00	confirmed	2026-05-14 12:08:00	5b27b4aa-20fc-4740-b964-c0c9be07a064	e131d31d-0ddd-407d-ae2e-b2dc604eec8a	2026-05-21 11:57:57.782
ff87d48b-fc3c-451f-9c73-3e10e7f19a73	2026-05-15 12:00:00	confirmed	2026-05-15 12:06:00	5b27b4aa-20fc-4740-b964-c0c9be07a064	e131d31d-0ddd-407d-ae2e-b2dc604eec8a	2026-05-21 11:57:57.782
b4bd4a00-f7b4-40f0-9175-24b35569b3e0	2026-05-16 12:00:00	late	2026-05-16 12:42:00	5b27b4aa-20fc-4740-b964-c0c9be07a064	e131d31d-0ddd-407d-ae2e-b2dc604eec8a	2026-05-21 11:57:57.782
a39142f4-fc8b-4496-a53f-e0a1f657ebcd	2026-05-17 12:00:00	confirmed	2026-05-17 12:03:00	5b27b4aa-20fc-4740-b964-c0c9be07a064	e131d31d-0ddd-407d-ae2e-b2dc604eec8a	2026-05-21 11:57:57.782
97e68bb1-085a-45cc-b28a-7ae1c6922710	2026-05-18 12:00:00	confirmed	2026-05-18 12:03:00	5b27b4aa-20fc-4740-b964-c0c9be07a064	e131d31d-0ddd-407d-ae2e-b2dc604eec8a	2026-05-21 11:57:57.782
b66716d5-e03f-482b-9ba5-07352465d452	2026-05-19 12:00:00	confirmed	2026-05-19 12:03:00	5b27b4aa-20fc-4740-b964-c0c9be07a064	e131d31d-0ddd-407d-ae2e-b2dc604eec8a	2026-05-21 11:57:57.782
a93f0f63-7ef6-4bbf-93f9-12080b55fe84	2026-05-20 12:00:00	confirmed	2026-05-20 12:09:00	5b27b4aa-20fc-4740-b964-c0c9be07a064	e131d31d-0ddd-407d-ae2e-b2dc604eec8a	2026-05-21 11:57:57.782
a2581ebf-4d22-4dda-a04d-f81d4c586788	2026-05-21 12:00:00	pending	\N	5b27b4aa-20fc-4740-b964-c0c9be07a064	e131d31d-0ddd-407d-ae2e-b2dc604eec8a	2026-05-21 11:57:57.782
4984b718-9da8-45dd-a76c-3ddc6b855215	2026-04-21 11:30:00	confirmed	2026-04-21 11:33:00	0e8295d8-fcc6-4556-bf28-562bcad626e5	e131d31d-0ddd-407d-ae2e-b2dc604eec8a	2026-05-21 11:57:57.782
89192484-2872-4455-affe-bfe2ec09a0ea	2026-04-22 11:30:00	confirmed	2026-04-22 11:38:00	0e8295d8-fcc6-4556-bf28-562bcad626e5	e131d31d-0ddd-407d-ae2e-b2dc604eec8a	2026-05-21 11:57:57.782
17759760-dd86-4222-a765-537d91daf463	2026-04-23 11:30:00	confirmed	2026-04-23 11:39:00	0e8295d8-fcc6-4556-bf28-562bcad626e5	e131d31d-0ddd-407d-ae2e-b2dc604eec8a	2026-05-21 11:57:57.782
2d283a5b-f957-4272-aef6-f9012cff9f5a	2026-04-24 11:30:00	confirmed	2026-04-24 11:39:00	0e8295d8-fcc6-4556-bf28-562bcad626e5	e131d31d-0ddd-407d-ae2e-b2dc604eec8a	2026-05-21 11:57:57.782
e87b8020-a4ba-4bc3-9dbb-2ec023602645	2026-04-25 11:30:00	confirmed	2026-04-25 11:33:00	0e8295d8-fcc6-4556-bf28-562bcad626e5	e131d31d-0ddd-407d-ae2e-b2dc604eec8a	2026-05-21 11:57:57.782
a738f711-1c85-41e4-b556-08f2f8c28a40	2026-04-26 11:30:00	confirmed	2026-04-26 11:31:00	0e8295d8-fcc6-4556-bf28-562bcad626e5	e131d31d-0ddd-407d-ae2e-b2dc604eec8a	2026-05-21 11:57:57.782
05b0ffa4-3e5a-485b-a3b6-83d8a09b1bc6	2026-04-27 11:30:00	confirmed	2026-04-27 11:36:00	0e8295d8-fcc6-4556-bf28-562bcad626e5	e131d31d-0ddd-407d-ae2e-b2dc604eec8a	2026-05-21 11:57:57.782
6ab8e187-6834-40fd-85fd-719026d8695d	2026-04-28 11:30:00	confirmed	2026-04-28 11:34:00	0e8295d8-fcc6-4556-bf28-562bcad626e5	e131d31d-0ddd-407d-ae2e-b2dc604eec8a	2026-05-21 11:57:57.782
0e9cf8f0-1c24-4541-bd06-b10a6e1a1e84	2026-04-29 11:30:00	confirmed	2026-04-29 11:30:00	0e8295d8-fcc6-4556-bf28-562bcad626e5	e131d31d-0ddd-407d-ae2e-b2dc604eec8a	2026-05-21 11:57:57.782
336d05ae-089b-4c19-8cba-e54682f04058	2026-04-30 11:30:00	late	2026-04-30 12:34:00	0e8295d8-fcc6-4556-bf28-562bcad626e5	e131d31d-0ddd-407d-ae2e-b2dc604eec8a	2026-05-21 11:57:57.782
a0315a3e-7008-40d8-bfe8-2b85792f6c02	2026-05-01 11:30:00	confirmed	2026-05-01 11:35:00	0e8295d8-fcc6-4556-bf28-562bcad626e5	e131d31d-0ddd-407d-ae2e-b2dc604eec8a	2026-05-21 11:57:57.782
6d526062-8cf1-443c-9d39-c4c78faa7675	2026-05-02 11:30:00	confirmed	2026-05-02 11:32:00	0e8295d8-fcc6-4556-bf28-562bcad626e5	e131d31d-0ddd-407d-ae2e-b2dc604eec8a	2026-05-21 11:57:57.782
5028ae6f-cb9c-4b9c-aa40-09da4a09b63a	2026-05-03 11:30:00	confirmed	2026-05-03 11:38:00	0e8295d8-fcc6-4556-bf28-562bcad626e5	e131d31d-0ddd-407d-ae2e-b2dc604eec8a	2026-05-21 11:57:57.782
49b2b577-b9a6-4dbc-b9fe-d4be34addfc4	2026-05-04 11:30:00	confirmed	2026-05-04 11:39:00	0e8295d8-fcc6-4556-bf28-562bcad626e5	e131d31d-0ddd-407d-ae2e-b2dc604eec8a	2026-05-21 11:57:57.782
d3f63609-8fa7-4622-b553-bf733655c021	2026-05-05 11:30:00	confirmed	2026-05-05 11:38:00	0e8295d8-fcc6-4556-bf28-562bcad626e5	e131d31d-0ddd-407d-ae2e-b2dc604eec8a	2026-05-21 11:57:57.782
18023977-16b0-4360-be6c-8dec120684f2	2026-05-06 11:30:00	confirmed	2026-05-06 11:36:00	0e8295d8-fcc6-4556-bf28-562bcad626e5	e131d31d-0ddd-407d-ae2e-b2dc604eec8a	2026-05-21 11:57:57.782
eee46a93-3dc2-46ae-a3e8-0796450311e1	2026-05-07 11:30:00	confirmed	2026-05-07 11:38:00	0e8295d8-fcc6-4556-bf28-562bcad626e5	e131d31d-0ddd-407d-ae2e-b2dc604eec8a	2026-05-21 11:57:57.782
b92ccbb2-9300-481b-9617-33d05cb9a902	2026-05-08 11:30:00	confirmed	2026-05-08 11:36:00	0e8295d8-fcc6-4556-bf28-562bcad626e5	e131d31d-0ddd-407d-ae2e-b2dc604eec8a	2026-05-21 11:57:57.782
9563f52e-3a7e-4113-b450-9e4d4944b2f9	2026-05-09 11:30:00	confirmed	2026-05-09 11:35:00	0e8295d8-fcc6-4556-bf28-562bcad626e5	e131d31d-0ddd-407d-ae2e-b2dc604eec8a	2026-05-21 11:57:57.782
c2d9934d-80d5-4d97-9a00-2ce2abdbea5d	2026-05-10 11:30:00	confirmed	2026-05-10 11:33:00	0e8295d8-fcc6-4556-bf28-562bcad626e5	e131d31d-0ddd-407d-ae2e-b2dc604eec8a	2026-05-21 11:57:57.782
58943f1d-5b5a-47de-93db-91ed94d6c6fa	2026-05-11 11:30:00	confirmed	2026-05-11 11:31:00	0e8295d8-fcc6-4556-bf28-562bcad626e5	e131d31d-0ddd-407d-ae2e-b2dc604eec8a	2026-05-21 11:57:57.782
a757244c-46b6-49ba-a9cd-8489d7a3c9a6	2026-05-12 11:30:00	late	2026-05-12 12:19:00	0e8295d8-fcc6-4556-bf28-562bcad626e5	e131d31d-0ddd-407d-ae2e-b2dc604eec8a	2026-05-21 11:57:57.782
02bc813f-e618-4ce8-8e99-bdb07290eb17	2026-05-13 11:30:00	confirmed	2026-05-13 11:33:00	0e8295d8-fcc6-4556-bf28-562bcad626e5	e131d31d-0ddd-407d-ae2e-b2dc604eec8a	2026-05-21 11:57:57.782
d34ea646-f5b4-45ed-a005-55980742f6ce	2026-05-14 11:30:00	confirmed	2026-05-14 11:32:00	0e8295d8-fcc6-4556-bf28-562bcad626e5	e131d31d-0ddd-407d-ae2e-b2dc604eec8a	2026-05-21 11:57:57.782
bf04bad1-9450-4a51-acbe-3aaa21968dca	2026-05-15 11:30:00	confirmed	2026-05-15 11:34:00	0e8295d8-fcc6-4556-bf28-562bcad626e5	e131d31d-0ddd-407d-ae2e-b2dc604eec8a	2026-05-21 11:57:57.782
0addfcb5-7c86-4f2a-afc3-ad77e4dd1bc1	2026-05-16 11:30:00	confirmed	2026-05-16 11:38:00	0e8295d8-fcc6-4556-bf28-562bcad626e5	e131d31d-0ddd-407d-ae2e-b2dc604eec8a	2026-05-21 11:57:57.782
8522cc12-0f91-429a-a2ce-e8aff1319b6e	2026-05-17 11:30:00	confirmed	2026-05-17 11:30:00	0e8295d8-fcc6-4556-bf28-562bcad626e5	e131d31d-0ddd-407d-ae2e-b2dc604eec8a	2026-05-21 11:57:57.782
efc4de23-6d55-464e-9224-1321d4c5a297	2026-05-18 11:30:00	confirmed	2026-05-18 11:31:00	0e8295d8-fcc6-4556-bf28-562bcad626e5	e131d31d-0ddd-407d-ae2e-b2dc604eec8a	2026-05-21 11:57:57.782
a65fc53a-ba1c-458f-ad5a-a4a7ecfc4312	2026-05-19 11:30:00	confirmed	2026-05-19 11:38:00	0e8295d8-fcc6-4556-bf28-562bcad626e5	e131d31d-0ddd-407d-ae2e-b2dc604eec8a	2026-05-21 11:57:57.782
59672e2c-28a4-4b4b-9d34-ea570ecede32	2026-05-20 11:30:00	confirmed	2026-05-20 11:32:00	0e8295d8-fcc6-4556-bf28-562bcad626e5	e131d31d-0ddd-407d-ae2e-b2dc604eec8a	2026-05-21 11:57:57.782
a7eb058a-d5ba-420f-8c07-beb1a232036d	2026-05-21 11:30:00	confirmed	2026-05-21 11:31:00	0e8295d8-fcc6-4556-bf28-562bcad626e5	e131d31d-0ddd-407d-ae2e-b2dc604eec8a	2026-05-21 11:57:57.782
a28c297d-42ec-4272-849e-142d951ee6a4	2026-04-21 11:00:00	confirmed	2026-04-21 11:01:00	17919bba-3a1d-46cf-a842-d6c23790331a	e131d31d-0ddd-407d-ae2e-b2dc604eec8a	2026-05-21 11:57:57.782
90a498cd-7715-47c6-acfc-5fbe29c27f3a	2026-04-21 23:00:00	confirmed	2026-04-21 23:07:00	17919bba-3a1d-46cf-a842-d6c23790331a	e131d31d-0ddd-407d-ae2e-b2dc604eec8a	2026-05-21 11:57:57.782
a77b0fb1-1a55-44ee-bc1e-e535afbf9790	2026-04-22 11:00:00	confirmed	2026-04-22 11:03:00	17919bba-3a1d-46cf-a842-d6c23790331a	e131d31d-0ddd-407d-ae2e-b2dc604eec8a	2026-05-21 11:57:57.782
8ecc9058-a50c-4de0-945e-0bc4ae1958a4	2026-04-22 23:00:00	confirmed	2026-04-22 23:08:00	17919bba-3a1d-46cf-a842-d6c23790331a	e131d31d-0ddd-407d-ae2e-b2dc604eec8a	2026-05-21 11:57:57.782
d5759163-7632-45f6-a662-bc3f56b4dd54	2026-04-23 11:00:00	confirmed	2026-04-23 11:05:00	17919bba-3a1d-46cf-a842-d6c23790331a	e131d31d-0ddd-407d-ae2e-b2dc604eec8a	2026-05-21 11:57:57.782
979e9b45-88ce-4cb0-96ba-d87ea33489b3	2026-04-23 23:00:00	confirmed	2026-04-23 23:07:00	17919bba-3a1d-46cf-a842-d6c23790331a	e131d31d-0ddd-407d-ae2e-b2dc604eec8a	2026-05-21 11:57:57.782
072d0ae4-a55d-46ab-8433-a2b60217aa9f	2026-04-24 11:00:00	confirmed	2026-04-24 11:00:00	17919bba-3a1d-46cf-a842-d6c23790331a	e131d31d-0ddd-407d-ae2e-b2dc604eec8a	2026-05-21 11:57:57.782
5358c404-622b-49f0-8ab2-b4a1a5c12f95	2026-04-24 23:00:00	confirmed	2026-04-24 23:00:00	17919bba-3a1d-46cf-a842-d6c23790331a	e131d31d-0ddd-407d-ae2e-b2dc604eec8a	2026-05-21 11:57:57.782
ccad94f4-1423-4456-99a3-4872b8e70cea	2026-04-25 11:00:00	confirmed	2026-04-25 11:00:00	17919bba-3a1d-46cf-a842-d6c23790331a	e131d31d-0ddd-407d-ae2e-b2dc604eec8a	2026-05-21 11:57:57.782
42c19803-ca83-4e2a-8653-1d74e1104187	2026-04-25 23:00:00	confirmed	2026-04-25 23:00:00	17919bba-3a1d-46cf-a842-d6c23790331a	e131d31d-0ddd-407d-ae2e-b2dc604eec8a	2026-05-21 11:57:57.782
97190dc7-99ec-438b-8331-b8eeb0b7c6c9	2026-04-26 11:00:00	confirmed	2026-04-26 11:02:00	17919bba-3a1d-46cf-a842-d6c23790331a	e131d31d-0ddd-407d-ae2e-b2dc604eec8a	2026-05-21 11:57:57.782
e0065f84-9b4b-4892-8dfe-0598c2bfbab8	2026-04-26 23:00:00	confirmed	2026-04-26 23:03:00	17919bba-3a1d-46cf-a842-d6c23790331a	e131d31d-0ddd-407d-ae2e-b2dc604eec8a	2026-05-21 11:57:57.782
8e9a702c-486f-474f-a18c-18f4f2fe7794	2026-04-27 11:00:00	confirmed	2026-04-27 11:00:00	17919bba-3a1d-46cf-a842-d6c23790331a	e131d31d-0ddd-407d-ae2e-b2dc604eec8a	2026-05-21 11:57:57.782
d1e9e7d6-2829-4bad-8851-04ef22b6c042	2026-04-27 23:00:00	late	2026-04-27 23:43:00	17919bba-3a1d-46cf-a842-d6c23790331a	e131d31d-0ddd-407d-ae2e-b2dc604eec8a	2026-05-21 11:57:57.782
aacc3b13-47e2-4906-a4a6-51518028e7da	2026-04-28 11:00:00	confirmed	2026-04-28 11:02:00	17919bba-3a1d-46cf-a842-d6c23790331a	e131d31d-0ddd-407d-ae2e-b2dc604eec8a	2026-05-21 11:57:57.782
f0602fd3-1f94-48c3-b1d6-dc907f7f05d7	2026-04-28 23:00:00	late	2026-04-28 23:35:00	17919bba-3a1d-46cf-a842-d6c23790331a	e131d31d-0ddd-407d-ae2e-b2dc604eec8a	2026-05-21 11:57:57.782
50a1aae1-c457-45b3-bcde-54cd18f11bb6	2026-04-29 11:00:00	late	2026-04-29 12:15:00	17919bba-3a1d-46cf-a842-d6c23790331a	e131d31d-0ddd-407d-ae2e-b2dc604eec8a	2026-05-21 11:57:57.782
960d662e-dc55-4ee2-9024-cb352164da59	2026-04-29 23:00:00	confirmed	2026-04-29 23:06:00	17919bba-3a1d-46cf-a842-d6c23790331a	e131d31d-0ddd-407d-ae2e-b2dc604eec8a	2026-05-21 11:57:57.782
16ee7f20-dd79-4501-96a7-74d173e74014	2026-04-30 11:00:00	late	2026-04-30 11:57:00	17919bba-3a1d-46cf-a842-d6c23790331a	e131d31d-0ddd-407d-ae2e-b2dc604eec8a	2026-05-21 11:57:57.782
b8d1d884-f933-489f-bf1e-c8868d6ac77b	2026-04-30 23:00:00	confirmed	2026-04-30 23:03:00	17919bba-3a1d-46cf-a842-d6c23790331a	e131d31d-0ddd-407d-ae2e-b2dc604eec8a	2026-05-21 11:57:57.782
2afb3cf6-4a2a-46c0-9bf2-d12222b17f50	2026-05-01 11:00:00	confirmed	2026-05-01 11:00:00	17919bba-3a1d-46cf-a842-d6c23790331a	e131d31d-0ddd-407d-ae2e-b2dc604eec8a	2026-05-21 11:57:57.782
cb4504bf-c673-4130-b8ae-9a99b7aab290	2026-05-01 23:00:00	confirmed	2026-05-01 23:09:00	17919bba-3a1d-46cf-a842-d6c23790331a	e131d31d-0ddd-407d-ae2e-b2dc604eec8a	2026-05-21 11:57:57.782
0bad2dcb-ff75-460f-ad78-0966f1ef63ae	2026-05-02 11:00:00	confirmed	2026-05-02 11:02:00	17919bba-3a1d-46cf-a842-d6c23790331a	e131d31d-0ddd-407d-ae2e-b2dc604eec8a	2026-05-21 11:57:57.782
75128492-2aab-437f-a5ab-003901b63177	2026-05-02 23:00:00	confirmed	2026-05-02 23:06:00	17919bba-3a1d-46cf-a842-d6c23790331a	e131d31d-0ddd-407d-ae2e-b2dc604eec8a	2026-05-21 11:57:57.782
34963fbd-b5a7-49fd-aeef-b4eb38c3985e	2026-05-03 11:00:00	confirmed	2026-05-03 11:06:00	17919bba-3a1d-46cf-a842-d6c23790331a	e131d31d-0ddd-407d-ae2e-b2dc604eec8a	2026-05-21 11:57:57.782
256a5c4c-8290-4e83-a7fb-41fea9d757af	2026-05-03 23:00:00	confirmed	2026-05-03 23:04:00	17919bba-3a1d-46cf-a842-d6c23790331a	e131d31d-0ddd-407d-ae2e-b2dc604eec8a	2026-05-21 11:57:57.782
086ff72e-99f1-408d-b768-3c45c9e938ac	2026-05-04 11:00:00	confirmed	2026-05-04 11:02:00	17919bba-3a1d-46cf-a842-d6c23790331a	e131d31d-0ddd-407d-ae2e-b2dc604eec8a	2026-05-21 11:57:57.782
c02eff66-47d3-445e-b76b-85b1c6df6b25	2026-05-04 23:00:00	confirmed	2026-05-04 23:07:00	17919bba-3a1d-46cf-a842-d6c23790331a	e131d31d-0ddd-407d-ae2e-b2dc604eec8a	2026-05-21 11:57:57.782
d453c94c-e261-4a87-88c9-c4cabc29f6ef	2026-05-05 11:00:00	confirmed	2026-05-05 11:05:00	17919bba-3a1d-46cf-a842-d6c23790331a	e131d31d-0ddd-407d-ae2e-b2dc604eec8a	2026-05-21 11:57:57.782
a42f8c29-a768-4a30-80f8-fb677c9fa30d	2026-05-05 23:00:00	confirmed	2026-05-05 23:05:00	17919bba-3a1d-46cf-a842-d6c23790331a	e131d31d-0ddd-407d-ae2e-b2dc604eec8a	2026-05-21 11:57:57.782
3cc2b94b-d1d7-4061-b8b7-925c98ab5c7c	2026-05-06 11:00:00	confirmed	2026-05-06 11:00:00	17919bba-3a1d-46cf-a842-d6c23790331a	e131d31d-0ddd-407d-ae2e-b2dc604eec8a	2026-05-21 11:57:57.782
2604ba39-da52-4572-b2b9-ff7a545b3b15	2026-05-06 23:00:00	confirmed	2026-05-06 23:04:00	17919bba-3a1d-46cf-a842-d6c23790331a	e131d31d-0ddd-407d-ae2e-b2dc604eec8a	2026-05-21 11:57:57.782
133b9a2c-de34-4667-becb-e912aeee55f9	2026-05-07 11:00:00	confirmed	2026-05-07 11:02:00	17919bba-3a1d-46cf-a842-d6c23790331a	e131d31d-0ddd-407d-ae2e-b2dc604eec8a	2026-05-21 11:57:57.782
f1c8d82e-9298-4061-894c-891fbc089845	2026-05-07 23:00:00	confirmed	2026-05-07 23:06:00	17919bba-3a1d-46cf-a842-d6c23790331a	e131d31d-0ddd-407d-ae2e-b2dc604eec8a	2026-05-21 11:57:57.782
5aa8f34c-26d2-4f68-92e8-a7a7c1e2e75f	2026-05-08 11:00:00	confirmed	2026-05-08 11:01:00	17919bba-3a1d-46cf-a842-d6c23790331a	e131d31d-0ddd-407d-ae2e-b2dc604eec8a	2026-05-21 11:57:57.782
000e4ea5-cdeb-438a-bf4e-9e95b147873e	2026-05-08 23:00:00	confirmed	2026-05-08 23:07:00	17919bba-3a1d-46cf-a842-d6c23790331a	e131d31d-0ddd-407d-ae2e-b2dc604eec8a	2026-05-21 11:57:57.829
fd1c30bf-664d-4ce6-88d0-c272d1e3ace1	2026-05-09 11:00:00	late	2026-05-09 12:05:00	17919bba-3a1d-46cf-a842-d6c23790331a	e131d31d-0ddd-407d-ae2e-b2dc604eec8a	2026-05-21 11:57:57.829
d061fd34-5aa2-4c46-85f3-9b03fa9b5db7	2026-05-09 23:00:00	confirmed	2026-05-09 23:05:00	17919bba-3a1d-46cf-a842-d6c23790331a	e131d31d-0ddd-407d-ae2e-b2dc604eec8a	2026-05-21 11:57:57.829
512c2cb4-989c-4f8f-a939-aed6b633d7fa	2026-05-10 11:00:00	confirmed	2026-05-10 11:05:00	17919bba-3a1d-46cf-a842-d6c23790331a	e131d31d-0ddd-407d-ae2e-b2dc604eec8a	2026-05-21 11:57:57.829
05ab5d8b-009b-4d31-ac9e-d8d8ccd5e97d	2026-05-10 23:00:00	confirmed	2026-05-10 23:08:00	17919bba-3a1d-46cf-a842-d6c23790331a	e131d31d-0ddd-407d-ae2e-b2dc604eec8a	2026-05-21 11:57:57.829
1f1c2d61-e103-43fa-8b9a-3d5cd6ae6170	2026-05-11 11:00:00	confirmed	2026-05-11 11:05:00	17919bba-3a1d-46cf-a842-d6c23790331a	e131d31d-0ddd-407d-ae2e-b2dc604eec8a	2026-05-21 11:57:57.829
635407ae-c113-4f5e-a269-7baa29f161c9	2026-05-11 23:00:00	confirmed	2026-05-11 23:02:00	17919bba-3a1d-46cf-a842-d6c23790331a	e131d31d-0ddd-407d-ae2e-b2dc604eec8a	2026-05-21 11:57:57.829
f3bd5de8-c405-4d28-826d-a18bbacad5be	2026-05-12 11:00:00	confirmed	2026-05-12 11:03:00	17919bba-3a1d-46cf-a842-d6c23790331a	e131d31d-0ddd-407d-ae2e-b2dc604eec8a	2026-05-21 11:57:57.829
82dd680a-4ae7-4860-a2e3-1cff4784979e	2026-05-12 23:00:00	confirmed	2026-05-12 23:04:00	17919bba-3a1d-46cf-a842-d6c23790331a	e131d31d-0ddd-407d-ae2e-b2dc604eec8a	2026-05-21 11:57:57.829
31e10e92-2628-4080-b21f-12d3f4fc70f0	2026-05-13 11:00:00	confirmed	2026-05-13 11:09:00	17919bba-3a1d-46cf-a842-d6c23790331a	e131d31d-0ddd-407d-ae2e-b2dc604eec8a	2026-05-21 11:57:57.829
c5acf69b-f796-4af8-8745-98434210033a	2026-05-13 23:00:00	confirmed	2026-05-13 23:02:00	17919bba-3a1d-46cf-a842-d6c23790331a	e131d31d-0ddd-407d-ae2e-b2dc604eec8a	2026-05-21 11:57:57.829
981ddf56-97e1-43dd-9a63-c4cb58c3b14d	2026-05-14 11:00:00	late	2026-05-14 11:52:00	17919bba-3a1d-46cf-a842-d6c23790331a	e131d31d-0ddd-407d-ae2e-b2dc604eec8a	2026-05-21 11:57:57.829
65536d7e-d8dc-4d11-9794-b093fe0b3128	2026-05-14 23:00:00	confirmed	2026-05-14 23:06:00	17919bba-3a1d-46cf-a842-d6c23790331a	e131d31d-0ddd-407d-ae2e-b2dc604eec8a	2026-05-21 11:57:57.829
ffbb1645-3413-4c4b-96b7-f403bbf4f9f8	2026-05-15 11:00:00	confirmed	2026-05-15 11:06:00	17919bba-3a1d-46cf-a842-d6c23790331a	e131d31d-0ddd-407d-ae2e-b2dc604eec8a	2026-05-21 11:57:57.829
aae3c8f7-dfb9-401f-b45a-54a030e65bb6	2026-05-15 23:00:00	confirmed	2026-05-15 23:09:00	17919bba-3a1d-46cf-a842-d6c23790331a	e131d31d-0ddd-407d-ae2e-b2dc604eec8a	2026-05-21 11:57:57.829
6551005d-1e81-41ee-90d5-6f4df1a18f51	2026-05-16 11:00:00	confirmed	2026-05-16 11:01:00	17919bba-3a1d-46cf-a842-d6c23790331a	e131d31d-0ddd-407d-ae2e-b2dc604eec8a	2026-05-21 11:57:57.829
0bbe4577-6224-424e-abd3-8a72d21170df	2026-05-16 23:00:00	confirmed	2026-05-16 23:04:00	17919bba-3a1d-46cf-a842-d6c23790331a	e131d31d-0ddd-407d-ae2e-b2dc604eec8a	2026-05-21 11:57:57.829
a145368a-bc91-4820-ad85-20fedfba6f25	2026-05-17 11:00:00	late	2026-05-17 12:00:00	17919bba-3a1d-46cf-a842-d6c23790331a	e131d31d-0ddd-407d-ae2e-b2dc604eec8a	2026-05-21 11:57:57.829
c7646892-102b-43f5-8613-c91e88ba4ff9	2026-05-17 23:00:00	confirmed	2026-05-17 23:07:00	17919bba-3a1d-46cf-a842-d6c23790331a	e131d31d-0ddd-407d-ae2e-b2dc604eec8a	2026-05-21 11:57:57.829
01b2772a-d34a-4d86-b498-10c3b3172969	2026-05-18 11:00:00	confirmed	2026-05-18 11:07:00	17919bba-3a1d-46cf-a842-d6c23790331a	e131d31d-0ddd-407d-ae2e-b2dc604eec8a	2026-05-21 11:57:57.829
fd3f4986-8418-4226-9e69-1ced13ef12ef	2026-05-18 23:00:00	confirmed	2026-05-18 23:05:00	17919bba-3a1d-46cf-a842-d6c23790331a	e131d31d-0ddd-407d-ae2e-b2dc604eec8a	2026-05-21 11:57:57.829
ae47c037-500e-4828-8040-753ae8eb89a3	2026-05-19 11:00:00	confirmed	2026-05-19 11:08:00	17919bba-3a1d-46cf-a842-d6c23790331a	e131d31d-0ddd-407d-ae2e-b2dc604eec8a	2026-05-21 11:57:57.829
b236004f-0c83-40f3-8140-7f0a1c1677ae	2026-05-19 23:00:00	confirmed	2026-05-19 23:07:00	17919bba-3a1d-46cf-a842-d6c23790331a	e131d31d-0ddd-407d-ae2e-b2dc604eec8a	2026-05-21 11:57:57.829
9604d49b-8f33-4b05-bf10-06fdd56efad4	2026-05-20 11:00:00	confirmed	2026-05-20 11:05:00	17919bba-3a1d-46cf-a842-d6c23790331a	e131d31d-0ddd-407d-ae2e-b2dc604eec8a	2026-05-21 11:57:57.829
2cebed11-3a8f-4084-ab5e-7f5c9611562f	2026-05-20 23:00:00	confirmed	2026-05-20 23:04:00	17919bba-3a1d-46cf-a842-d6c23790331a	e131d31d-0ddd-407d-ae2e-b2dc604eec8a	2026-05-21 11:57:57.829
9965fc21-7d7d-4f2e-bf49-a33b241dc719	2026-05-21 11:00:00	confirmed	2026-05-21 11:02:00	17919bba-3a1d-46cf-a842-d6c23790331a	e131d31d-0ddd-407d-ae2e-b2dc604eec8a	2026-05-21 11:57:57.829
c49f3a27-60d3-4a6b-9ead-e2a5921ebe5e	2026-05-21 23:00:00	pending	\N	17919bba-3a1d-46cf-a842-d6c23790331a	e131d31d-0ddd-407d-ae2e-b2dc604eec8a	2026-05-21 11:57:57.829
cce12234-20ad-438e-8ff2-8705b4f9b994	2026-04-21 11:30:00	confirmed	2026-04-21 11:39:00	4ac09363-c91f-4234-ae8a-63e93a0c7c2c	94170428-ff8d-45aa-8116-70ece1613ea8	2026-05-21 11:57:57.829
fb76204f-11ef-4a5a-9716-62758e1202df	2026-04-22 11:30:00	confirmed	2026-04-22 11:32:00	4ac09363-c91f-4234-ae8a-63e93a0c7c2c	94170428-ff8d-45aa-8116-70ece1613ea8	2026-05-21 11:57:57.829
7e55a684-a66e-470b-90fd-90d8dc9256ee	2026-04-23 11:30:00	confirmed	2026-04-23 11:38:00	4ac09363-c91f-4234-ae8a-63e93a0c7c2c	94170428-ff8d-45aa-8116-70ece1613ea8	2026-05-21 11:57:57.829
bd8146cf-f3d7-4c69-bc33-1c9cb7d348b9	2026-04-24 11:30:00	confirmed	2026-04-24 11:33:00	4ac09363-c91f-4234-ae8a-63e93a0c7c2c	94170428-ff8d-45aa-8116-70ece1613ea8	2026-05-21 11:57:57.829
6d28e87f-3ff7-4317-8445-f9eac8549d4f	2026-04-25 11:30:00	confirmed	2026-04-25 11:37:00	4ac09363-c91f-4234-ae8a-63e93a0c7c2c	94170428-ff8d-45aa-8116-70ece1613ea8	2026-05-21 11:57:57.829
d2535059-961e-4bae-ad06-81c7dee22576	2026-04-26 11:30:00	confirmed	2026-04-26 11:39:00	4ac09363-c91f-4234-ae8a-63e93a0c7c2c	94170428-ff8d-45aa-8116-70ece1613ea8	2026-05-21 11:57:57.829
7a4d1eb0-6955-4056-ac4d-30e4b6db1bbb	2026-04-27 11:30:00	confirmed	2026-04-27 11:31:00	4ac09363-c91f-4234-ae8a-63e93a0c7c2c	94170428-ff8d-45aa-8116-70ece1613ea8	2026-05-21 11:57:57.829
ee0c6589-d283-4d6b-9518-763211e3f76a	2026-04-28 11:30:00	confirmed	2026-04-28 11:37:00	4ac09363-c91f-4234-ae8a-63e93a0c7c2c	94170428-ff8d-45aa-8116-70ece1613ea8	2026-05-21 11:57:57.829
7b18cc66-5d4d-48f7-9da8-85b289e7c7ae	2026-04-29 11:30:00	confirmed	2026-04-29 11:32:00	4ac09363-c91f-4234-ae8a-63e93a0c7c2c	94170428-ff8d-45aa-8116-70ece1613ea8	2026-05-21 11:57:57.829
be05c537-5b3e-4ddc-a87c-636913cd3d08	2026-04-30 11:30:00	confirmed	2026-04-30 11:31:00	4ac09363-c91f-4234-ae8a-63e93a0c7c2c	94170428-ff8d-45aa-8116-70ece1613ea8	2026-05-21 11:57:57.829
fa2e7292-0aea-4be0-84f4-82b5e6a7dc83	2026-05-01 11:30:00	confirmed	2026-05-01 11:39:00	4ac09363-c91f-4234-ae8a-63e93a0c7c2c	94170428-ff8d-45aa-8116-70ece1613ea8	2026-05-21 11:57:57.829
e8d9ef0b-23c8-4979-b655-039fa8e3e00c	2026-05-02 11:30:00	confirmed	2026-05-02 11:30:00	4ac09363-c91f-4234-ae8a-63e93a0c7c2c	94170428-ff8d-45aa-8116-70ece1613ea8	2026-05-21 11:57:57.829
433db023-b206-4eac-b153-e90ce5299231	2026-05-03 11:30:00	late	2026-05-03 12:50:00	4ac09363-c91f-4234-ae8a-63e93a0c7c2c	94170428-ff8d-45aa-8116-70ece1613ea8	2026-05-21 11:57:57.829
94e3b9c4-3a25-4262-b4aa-f05aea7ded7c	2026-05-04 11:30:00	confirmed	2026-05-04 11:39:00	4ac09363-c91f-4234-ae8a-63e93a0c7c2c	94170428-ff8d-45aa-8116-70ece1613ea8	2026-05-21 11:57:57.829
c9055457-55c4-42f9-8454-8c482f753462	2026-05-05 11:30:00	confirmed	2026-05-05 11:38:00	4ac09363-c91f-4234-ae8a-63e93a0c7c2c	94170428-ff8d-45aa-8116-70ece1613ea8	2026-05-21 11:57:57.829
9f34a20e-2fd9-4dc8-bfcc-cf60b5aacdb4	2026-05-06 11:30:00	confirmed	2026-05-06 11:32:00	4ac09363-c91f-4234-ae8a-63e93a0c7c2c	94170428-ff8d-45aa-8116-70ece1613ea8	2026-05-21 11:57:57.829
4693a362-5c03-49e2-bc8d-1e5f7f2d56a7	2026-05-07 11:30:00	confirmed	2026-05-07 11:33:00	4ac09363-c91f-4234-ae8a-63e93a0c7c2c	94170428-ff8d-45aa-8116-70ece1613ea8	2026-05-21 11:57:57.829
66592cbc-267b-47ba-a08a-52384d131a4b	2026-05-08 11:30:00	confirmed	2026-05-08 11:31:00	4ac09363-c91f-4234-ae8a-63e93a0c7c2c	94170428-ff8d-45aa-8116-70ece1613ea8	2026-05-21 11:57:57.829
6ca99703-9d3d-4f82-b35e-e21df071ea44	2026-05-09 11:30:00	confirmed	2026-05-09 11:37:00	4ac09363-c91f-4234-ae8a-63e93a0c7c2c	94170428-ff8d-45aa-8116-70ece1613ea8	2026-05-21 11:57:57.829
d80eeb83-105e-435d-b384-f1f6e1180727	2026-05-10 11:30:00	confirmed	2026-05-10 11:39:00	4ac09363-c91f-4234-ae8a-63e93a0c7c2c	94170428-ff8d-45aa-8116-70ece1613ea8	2026-05-21 11:57:57.829
a2d66375-a930-46c9-b865-c248160ad48e	2026-05-11 11:30:00	confirmed	2026-05-11 11:35:00	4ac09363-c91f-4234-ae8a-63e93a0c7c2c	94170428-ff8d-45aa-8116-70ece1613ea8	2026-05-21 11:57:57.829
3d76eeed-138d-47bd-afcc-3cfd3e0b3a23	2026-05-12 11:30:00	skipped	\N	4ac09363-c91f-4234-ae8a-63e93a0c7c2c	94170428-ff8d-45aa-8116-70ece1613ea8	2026-05-21 11:57:57.829
e96a31e0-3294-4b19-b018-35601dade17b	2026-05-13 11:30:00	skipped	\N	4ac09363-c91f-4234-ae8a-63e93a0c7c2c	94170428-ff8d-45aa-8116-70ece1613ea8	2026-05-21 11:57:57.829
95c6c970-cce8-4fcd-a5b6-5ef785646912	2026-05-14 11:30:00	confirmed	2026-05-14 11:38:00	4ac09363-c91f-4234-ae8a-63e93a0c7c2c	94170428-ff8d-45aa-8116-70ece1613ea8	2026-05-21 11:57:57.829
3c3dd650-d4fd-4f8b-a109-b8aaa68757d4	2026-05-15 11:30:00	skipped	\N	4ac09363-c91f-4234-ae8a-63e93a0c7c2c	94170428-ff8d-45aa-8116-70ece1613ea8	2026-05-21 11:57:57.829
ec596942-8a30-4736-84e2-53afcf1ff5f6	2026-05-16 11:30:00	confirmed	2026-05-16 11:36:00	4ac09363-c91f-4234-ae8a-63e93a0c7c2c	94170428-ff8d-45aa-8116-70ece1613ea8	2026-05-21 11:57:57.829
954151a6-8ce8-483a-8c02-4756f33a400f	2026-05-17 11:30:00	confirmed	2026-05-17 11:39:00	4ac09363-c91f-4234-ae8a-63e93a0c7c2c	94170428-ff8d-45aa-8116-70ece1613ea8	2026-05-21 11:57:57.829
ef0da832-bff8-40c1-aca4-323c66ef7ede	2026-05-18 11:30:00	confirmed	2026-05-18 11:31:00	4ac09363-c91f-4234-ae8a-63e93a0c7c2c	94170428-ff8d-45aa-8116-70ece1613ea8	2026-05-21 11:57:57.829
4bbcc29b-e89f-4012-a7e3-a30372a49e25	2026-05-19 11:30:00	confirmed	2026-05-19 11:37:00	4ac09363-c91f-4234-ae8a-63e93a0c7c2c	94170428-ff8d-45aa-8116-70ece1613ea8	2026-05-21 11:57:57.829
e097a133-0a4e-407a-90f3-77d7e5909a8d	2026-05-20 11:30:00	skipped	\N	4ac09363-c91f-4234-ae8a-63e93a0c7c2c	94170428-ff8d-45aa-8116-70ece1613ea8	2026-05-21 11:57:57.829
904e6c0a-d5a7-4a74-bd48-f07407321659	2026-05-21 11:30:00	confirmed	2026-05-21 11:31:00	4ac09363-c91f-4234-ae8a-63e93a0c7c2c	94170428-ff8d-45aa-8116-70ece1613ea8	2026-05-21 11:57:57.829
3daac6e3-44d7-4848-9c5d-dc118053be47	2026-04-21 11:00:00	confirmed	2026-04-21 11:05:00	5f8914a9-b9ca-408e-9943-ee5f491b6d2b	701a0c54-2620-4637-b692-8948a9e23b6c	2026-05-21 11:57:57.829
76a40e56-3fef-4b9f-9e01-2f2ecaf463f9	2026-04-21 23:00:00	skipped	\N	5f8914a9-b9ca-408e-9943-ee5f491b6d2b	701a0c54-2620-4637-b692-8948a9e23b6c	2026-05-21 11:57:57.829
bd73a089-ca47-4eed-97f0-88e0e1d25f2b	2026-04-22 11:00:00	confirmed	2026-04-22 11:06:00	5f8914a9-b9ca-408e-9943-ee5f491b6d2b	701a0c54-2620-4637-b692-8948a9e23b6c	2026-05-21 11:57:57.829
80b9dfc2-cc46-4380-a3b7-c1d85e5dee55	2026-04-22 23:00:00	skipped	\N	5f8914a9-b9ca-408e-9943-ee5f491b6d2b	701a0c54-2620-4637-b692-8948a9e23b6c	2026-05-21 11:57:57.829
252754ed-7dbe-4cd7-8117-649349a9799b	2026-04-23 11:00:00	skipped	\N	5f8914a9-b9ca-408e-9943-ee5f491b6d2b	701a0c54-2620-4637-b692-8948a9e23b6c	2026-05-21 11:57:57.829
f7dc0d9d-c8c9-48e3-be83-7011be254d62	2026-04-23 23:00:00	confirmed	2026-04-23 23:08:00	5f8914a9-b9ca-408e-9943-ee5f491b6d2b	701a0c54-2620-4637-b692-8948a9e23b6c	2026-05-21 11:57:57.829
1763af0f-08ad-4c53-a07d-ad785265325d	2026-04-24 11:00:00	confirmed	2026-04-24 11:02:00	5f8914a9-b9ca-408e-9943-ee5f491b6d2b	701a0c54-2620-4637-b692-8948a9e23b6c	2026-05-21 11:57:57.829
d3f3252b-7fb8-4d88-8994-a55b6e876e91	2026-04-24 23:00:00	confirmed	2026-04-24 23:04:00	5f8914a9-b9ca-408e-9943-ee5f491b6d2b	701a0c54-2620-4637-b692-8948a9e23b6c	2026-05-21 11:57:57.829
1346ee0a-116e-41b0-bfe0-2fc766936997	2026-04-25 11:00:00	confirmed	2026-04-25 11:00:00	5f8914a9-b9ca-408e-9943-ee5f491b6d2b	701a0c54-2620-4637-b692-8948a9e23b6c	2026-05-21 11:57:57.829
dcf24fb1-8fbe-4b69-96e8-8c898f252a5e	2026-04-25 23:00:00	confirmed	2026-04-25 23:02:00	5f8914a9-b9ca-408e-9943-ee5f491b6d2b	701a0c54-2620-4637-b692-8948a9e23b6c	2026-05-21 11:57:57.829
6bd108ae-dd4e-4329-8cb0-23b7ab6000a6	2026-04-26 11:00:00	confirmed	2026-04-26 11:08:00	5f8914a9-b9ca-408e-9943-ee5f491b6d2b	701a0c54-2620-4637-b692-8948a9e23b6c	2026-05-21 11:57:57.829
a8cda428-aef6-4d2c-9b4c-a98f26e29ccd	2026-04-26 23:00:00	skipped	\N	5f8914a9-b9ca-408e-9943-ee5f491b6d2b	701a0c54-2620-4637-b692-8948a9e23b6c	2026-05-21 11:57:57.829
28115128-b35c-4073-a0e1-c18ed28f234e	2026-04-27 11:00:00	confirmed	2026-04-27 11:08:00	5f8914a9-b9ca-408e-9943-ee5f491b6d2b	701a0c54-2620-4637-b692-8948a9e23b6c	2026-05-21 11:57:57.829
6b76217f-c9a9-4b75-b537-bbd9a49b2a24	2026-04-27 23:00:00	confirmed	2026-04-27 23:02:00	5f8914a9-b9ca-408e-9943-ee5f491b6d2b	701a0c54-2620-4637-b692-8948a9e23b6c	2026-05-21 11:57:57.829
3b14eb0a-4f7f-42eb-a5c7-a4e9e03ef5f0	2026-04-28 11:00:00	confirmed	2026-04-28 11:04:00	5f8914a9-b9ca-408e-9943-ee5f491b6d2b	701a0c54-2620-4637-b692-8948a9e23b6c	2026-05-21 11:57:57.829
711f5855-e9a1-4bb3-8c0b-69149e9cf474	2026-04-28 23:00:00	confirmed	2026-04-28 23:09:00	5f8914a9-b9ca-408e-9943-ee5f491b6d2b	701a0c54-2620-4637-b692-8948a9e23b6c	2026-05-21 11:57:57.829
b7f4867e-e66f-4dfc-a59e-3e3eb5590a5f	2026-04-29 11:00:00	confirmed	2026-04-29 11:07:00	5f8914a9-b9ca-408e-9943-ee5f491b6d2b	701a0c54-2620-4637-b692-8948a9e23b6c	2026-05-21 11:57:57.829
a551aa79-b787-449f-9857-488e8052ed3e	2026-04-29 23:00:00	skipped	\N	5f8914a9-b9ca-408e-9943-ee5f491b6d2b	701a0c54-2620-4637-b692-8948a9e23b6c	2026-05-21 11:57:57.829
69e82539-f9c2-4ba0-8b68-dbc066057c22	2026-04-30 11:00:00	late	2026-04-30 12:22:00	5f8914a9-b9ca-408e-9943-ee5f491b6d2b	701a0c54-2620-4637-b692-8948a9e23b6c	2026-05-21 11:57:57.829
2e3bb23e-b278-4614-bec1-8b549fe1b814	2026-04-30 23:00:00	confirmed	2026-04-30 23:07:00	5f8914a9-b9ca-408e-9943-ee5f491b6d2b	701a0c54-2620-4637-b692-8948a9e23b6c	2026-05-21 11:57:57.829
a7940d91-7be0-486f-b0a0-42e1e3cba922	2026-05-01 11:00:00	skipped	\N	5f8914a9-b9ca-408e-9943-ee5f491b6d2b	701a0c54-2620-4637-b692-8948a9e23b6c	2026-05-21 11:57:57.829
f1d347f3-bf57-4d3d-b45c-28f1c7d6b463	2026-05-01 23:00:00	confirmed	2026-05-01 23:09:00	5f8914a9-b9ca-408e-9943-ee5f491b6d2b	701a0c54-2620-4637-b692-8948a9e23b6c	2026-05-21 11:57:57.829
02c29730-a495-47e1-8ce0-9fac903ab2d6	2026-05-02 11:00:00	confirmed	2026-05-02 11:07:00	5f8914a9-b9ca-408e-9943-ee5f491b6d2b	701a0c54-2620-4637-b692-8948a9e23b6c	2026-05-21 11:57:57.829
521f0088-9a56-4041-9125-7919404ebefd	2026-05-02 23:00:00	confirmed	2026-05-02 23:07:00	5f8914a9-b9ca-408e-9943-ee5f491b6d2b	701a0c54-2620-4637-b692-8948a9e23b6c	2026-05-21 11:57:57.829
d6faa81b-f292-463a-83aa-cd11e021d098	2026-05-03 11:00:00	confirmed	2026-05-03 11:06:00	5f8914a9-b9ca-408e-9943-ee5f491b6d2b	701a0c54-2620-4637-b692-8948a9e23b6c	2026-05-21 11:57:57.829
fd09a512-a693-4578-9f7f-4c5ebd4576e4	2026-05-03 23:00:00	confirmed	2026-05-03 23:02:00	5f8914a9-b9ca-408e-9943-ee5f491b6d2b	701a0c54-2620-4637-b692-8948a9e23b6c	2026-05-21 11:57:57.829
1dba2f32-c047-47ee-80ed-1b07744e4879	2026-05-04 11:00:00	confirmed	2026-05-04 11:02:00	5f8914a9-b9ca-408e-9943-ee5f491b6d2b	701a0c54-2620-4637-b692-8948a9e23b6c	2026-05-21 11:57:57.829
686300cd-a406-492c-870a-76a7479b33d9	2026-05-04 23:00:00	confirmed	2026-05-04 23:09:00	5f8914a9-b9ca-408e-9943-ee5f491b6d2b	701a0c54-2620-4637-b692-8948a9e23b6c	2026-05-21 11:57:57.829
3056c123-1a26-41e3-9e3a-d1b240d176f4	2026-05-05 11:00:00	confirmed	2026-05-05 11:02:00	5f8914a9-b9ca-408e-9943-ee5f491b6d2b	701a0c54-2620-4637-b692-8948a9e23b6c	2026-05-21 11:57:57.829
ef522315-70b6-4b9e-aa7e-7b6c179bcc78	2026-05-05 23:00:00	confirmed	2026-05-05 23:06:00	5f8914a9-b9ca-408e-9943-ee5f491b6d2b	701a0c54-2620-4637-b692-8948a9e23b6c	2026-05-21 11:57:57.829
561fdb7d-7e7b-4754-b013-79915e1fd980	2026-05-06 11:00:00	late	2026-05-06 11:20:00	5f8914a9-b9ca-408e-9943-ee5f491b6d2b	701a0c54-2620-4637-b692-8948a9e23b6c	2026-05-21 11:57:57.829
a4b20c42-45e4-46a5-86f7-36062df08289	2026-05-06 23:00:00	confirmed	2026-05-06 23:07:00	5f8914a9-b9ca-408e-9943-ee5f491b6d2b	701a0c54-2620-4637-b692-8948a9e23b6c	2026-05-21 11:57:57.829
7c2b65c7-bcbe-45f9-ace0-e7b5e1896d08	2026-05-07 11:00:00	confirmed	2026-05-07 11:07:00	5f8914a9-b9ca-408e-9943-ee5f491b6d2b	701a0c54-2620-4637-b692-8948a9e23b6c	2026-05-21 11:57:57.829
486a7c9f-bc02-4269-8b97-3bcbeae0a62f	2026-05-07 23:00:00	confirmed	2026-05-07 23:01:00	5f8914a9-b9ca-408e-9943-ee5f491b6d2b	701a0c54-2620-4637-b692-8948a9e23b6c	2026-05-21 11:57:57.829
2cd600d0-80be-4d5c-b2b9-d8fa4d8c8b96	2026-05-08 11:00:00	late	2026-05-08 11:38:00	5f8914a9-b9ca-408e-9943-ee5f491b6d2b	701a0c54-2620-4637-b692-8948a9e23b6c	2026-05-21 11:57:57.829
5175da7d-9a68-4d5f-bc0a-359b2af22d91	2026-05-08 23:00:00	confirmed	2026-05-08 23:04:00	5f8914a9-b9ca-408e-9943-ee5f491b6d2b	701a0c54-2620-4637-b692-8948a9e23b6c	2026-05-21 11:57:57.829
37eb8bfe-ef31-4558-be95-3ecdbf468bfa	2026-05-09 11:00:00	confirmed	2026-05-09 11:01:00	5f8914a9-b9ca-408e-9943-ee5f491b6d2b	701a0c54-2620-4637-b692-8948a9e23b6c	2026-05-21 11:57:57.829
b87ac1ec-88ec-421e-b79a-2cacd3476fb3	2026-05-09 23:00:00	confirmed	2026-05-09 23:08:00	5f8914a9-b9ca-408e-9943-ee5f491b6d2b	701a0c54-2620-4637-b692-8948a9e23b6c	2026-05-21 11:57:57.829
660c715f-f1bf-4d18-b072-a7e1f7b5da43	2026-05-10 11:00:00	confirmed	2026-05-10 11:08:00	5f8914a9-b9ca-408e-9943-ee5f491b6d2b	701a0c54-2620-4637-b692-8948a9e23b6c	2026-05-21 11:57:57.829
67eceaea-f08f-44bc-ac74-3ffa4fbf3746	2026-05-10 23:00:00	confirmed	2026-05-10 23:04:00	5f8914a9-b9ca-408e-9943-ee5f491b6d2b	701a0c54-2620-4637-b692-8948a9e23b6c	2026-05-21 11:57:57.829
2e745d93-e876-4912-83e0-146894c28755	2026-05-11 11:00:00	skipped	\N	5f8914a9-b9ca-408e-9943-ee5f491b6d2b	701a0c54-2620-4637-b692-8948a9e23b6c	2026-05-21 11:57:57.829
8afb1972-c931-4f37-be80-3e393c1e8ac6	2026-05-11 23:00:00	confirmed	2026-05-11 23:02:00	5f8914a9-b9ca-408e-9943-ee5f491b6d2b	701a0c54-2620-4637-b692-8948a9e23b6c	2026-05-21 11:57:57.829
e47bc898-ccdc-40d5-bcbb-c84850392c69	2026-05-12 11:00:00	confirmed	2026-05-12 11:00:00	5f8914a9-b9ca-408e-9943-ee5f491b6d2b	701a0c54-2620-4637-b692-8948a9e23b6c	2026-05-21 11:57:57.829
17cd523b-bbb0-4244-8bff-86b0be03a38c	2026-05-12 23:00:00	confirmed	2026-05-12 23:08:00	5f8914a9-b9ca-408e-9943-ee5f491b6d2b	701a0c54-2620-4637-b692-8948a9e23b6c	2026-05-21 11:57:57.829
cfe98a19-d65b-4a5b-91d4-de8e345c676b	2026-05-13 11:00:00	confirmed	2026-05-13 11:06:00	5f8914a9-b9ca-408e-9943-ee5f491b6d2b	701a0c54-2620-4637-b692-8948a9e23b6c	2026-05-21 11:57:57.829
6fc33f2f-7c29-431e-8fdb-b9477edd2141	2026-05-13 23:00:00	late	2026-05-13 23:31:00	5f8914a9-b9ca-408e-9943-ee5f491b6d2b	701a0c54-2620-4637-b692-8948a9e23b6c	2026-05-21 11:57:57.829
755f7eb7-ece7-4b7e-8f96-985adcb9d49f	2026-05-14 11:00:00	confirmed	2026-05-14 11:01:00	5f8914a9-b9ca-408e-9943-ee5f491b6d2b	701a0c54-2620-4637-b692-8948a9e23b6c	2026-05-21 11:57:57.829
1509b31a-0825-4bb8-a7d6-344e27fcc1dc	2026-05-14 23:00:00	late	2026-05-14 23:27:00	5f8914a9-b9ca-408e-9943-ee5f491b6d2b	701a0c54-2620-4637-b692-8948a9e23b6c	2026-05-21 11:57:57.829
a925640a-fac9-416e-820b-6aa5c00b00be	2026-05-15 11:00:00	confirmed	2026-05-15 11:00:00	5f8914a9-b9ca-408e-9943-ee5f491b6d2b	701a0c54-2620-4637-b692-8948a9e23b6c	2026-05-21 11:57:57.829
4c1f2da6-b04d-437b-8ed9-dedc64e56da2	2026-05-15 23:00:00	confirmed	2026-05-15 23:08:00	5f8914a9-b9ca-408e-9943-ee5f491b6d2b	701a0c54-2620-4637-b692-8948a9e23b6c	2026-05-21 11:57:57.829
b7927081-1eb4-4dbb-99b9-fe1f4d7aef79	2026-05-16 11:00:00	confirmed	2026-05-16 11:02:00	5f8914a9-b9ca-408e-9943-ee5f491b6d2b	701a0c54-2620-4637-b692-8948a9e23b6c	2026-05-21 11:57:57.829
1d9efd49-624f-4999-b6ad-f253cbd6f6ba	2026-05-16 23:00:00	confirmed	2026-05-16 23:06:00	5f8914a9-b9ca-408e-9943-ee5f491b6d2b	701a0c54-2620-4637-b692-8948a9e23b6c	2026-05-21 11:57:57.829
48805cb7-69f8-4894-aa68-8dd58a147b22	2026-05-17 11:00:00	confirmed	2026-05-17 11:05:00	5f8914a9-b9ca-408e-9943-ee5f491b6d2b	701a0c54-2620-4637-b692-8948a9e23b6c	2026-05-21 11:57:57.829
50435817-1e55-44ce-94e0-ec1b9a79b18e	2026-05-17 23:00:00	confirmed	2026-05-17 23:04:00	5f8914a9-b9ca-408e-9943-ee5f491b6d2b	701a0c54-2620-4637-b692-8948a9e23b6c	2026-05-21 11:57:57.829
4cc92e24-a98f-49cc-8c59-19fbdfadbb03	2026-05-18 11:00:00	confirmed	2026-05-18 11:05:00	5f8914a9-b9ca-408e-9943-ee5f491b6d2b	701a0c54-2620-4637-b692-8948a9e23b6c	2026-05-21 11:57:57.829
84624ff0-5bd4-4565-80f8-5ee169f8164f	2026-05-18 23:00:00	confirmed	2026-05-18 23:04:00	5f8914a9-b9ca-408e-9943-ee5f491b6d2b	701a0c54-2620-4637-b692-8948a9e23b6c	2026-05-21 11:57:57.829
4f2c15b7-c0b2-4974-911c-7441d3b96ff7	2026-05-19 11:00:00	confirmed	2026-05-19 11:03:00	5f8914a9-b9ca-408e-9943-ee5f491b6d2b	701a0c54-2620-4637-b692-8948a9e23b6c	2026-05-21 11:57:57.829
2fd9fd26-4f9e-426b-9184-857471a86f52	2026-05-19 23:00:00	confirmed	2026-05-19 23:04:00	5f8914a9-b9ca-408e-9943-ee5f491b6d2b	701a0c54-2620-4637-b692-8948a9e23b6c	2026-05-21 11:57:57.829
b2edbf70-1d2e-4fc3-9eb3-f310816849bb	2026-05-20 11:00:00	confirmed	2026-05-20 11:09:00	5f8914a9-b9ca-408e-9943-ee5f491b6d2b	701a0c54-2620-4637-b692-8948a9e23b6c	2026-05-21 11:57:57.829
830f24d6-6d75-4bcf-ae93-b761c002f6d0	2026-05-20 23:00:00	skipped	\N	5f8914a9-b9ca-408e-9943-ee5f491b6d2b	701a0c54-2620-4637-b692-8948a9e23b6c	2026-05-21 11:57:57.829
57fc4b59-1184-47fa-bd4c-2d0e998ecc54	2026-05-21 11:00:00	skipped	\N	5f8914a9-b9ca-408e-9943-ee5f491b6d2b	701a0c54-2620-4637-b692-8948a9e23b6c	2026-05-21 11:57:57.829
605425a5-cebd-4756-b42e-4ad4d2a7f917	2026-05-21 23:00:00	pending	\N	5f8914a9-b9ca-408e-9943-ee5f491b6d2b	701a0c54-2620-4637-b692-8948a9e23b6c	2026-05-21 11:57:57.829
42441295-7abf-482e-ba6a-1907cefa040b	2026-04-21 11:00:00	confirmed	2026-04-21 11:03:00	e6f5ac6e-c027-4eec-b10e-44eef6c4cd12	701a0c54-2620-4637-b692-8948a9e23b6c	2026-05-21 11:57:57.829
4856c363-55ac-4dd1-a000-528329cb1820	2026-04-21 22:00:00	confirmed	2026-04-21 22:08:00	e6f5ac6e-c027-4eec-b10e-44eef6c4cd12	701a0c54-2620-4637-b692-8948a9e23b6c	2026-05-21 11:57:57.829
e147ce58-bcd5-40d4-abf9-f63a0455f8de	2026-04-22 11:00:00	skipped	\N	e6f5ac6e-c027-4eec-b10e-44eef6c4cd12	701a0c54-2620-4637-b692-8948a9e23b6c	2026-05-21 11:57:57.829
b6b7a11e-4046-461b-88fc-d8da16292a68	2026-04-22 22:00:00	skipped	\N	e6f5ac6e-c027-4eec-b10e-44eef6c4cd12	701a0c54-2620-4637-b692-8948a9e23b6c	2026-05-21 11:57:57.829
358a7286-31f1-4339-9b38-af2825b3f9a7	2026-04-23 11:00:00	confirmed	2026-04-23 11:00:00	e6f5ac6e-c027-4eec-b10e-44eef6c4cd12	701a0c54-2620-4637-b692-8948a9e23b6c	2026-05-21 11:57:57.829
b09bf0b0-09ed-464f-a262-e1d3c9549191	2026-04-23 22:00:00	confirmed	2026-04-23 22:07:00	e6f5ac6e-c027-4eec-b10e-44eef6c4cd12	701a0c54-2620-4637-b692-8948a9e23b6c	2026-05-21 11:57:57.829
5b899878-e0e4-4cc6-87db-658c64e52f1b	2026-04-24 11:00:00	confirmed	2026-04-24 11:01:00	e6f5ac6e-c027-4eec-b10e-44eef6c4cd12	701a0c54-2620-4637-b692-8948a9e23b6c	2026-05-21 11:57:57.829
6b11f5bd-5d95-4dee-bbd0-94a15a3d3478	2026-04-24 22:00:00	skipped	\N	e6f5ac6e-c027-4eec-b10e-44eef6c4cd12	701a0c54-2620-4637-b692-8948a9e23b6c	2026-05-21 11:57:57.829
04c485b0-801a-4d7c-bf5b-a561d7d61d8a	2026-04-25 11:00:00	confirmed	2026-04-25 11:09:00	e6f5ac6e-c027-4eec-b10e-44eef6c4cd12	701a0c54-2620-4637-b692-8948a9e23b6c	2026-05-21 11:57:57.829
bc72e15d-2180-478f-a43e-b1cf780c4126	2026-04-25 22:00:00	confirmed	2026-04-25 22:06:00	e6f5ac6e-c027-4eec-b10e-44eef6c4cd12	701a0c54-2620-4637-b692-8948a9e23b6c	2026-05-21 11:57:57.829
ed0ab03e-b95d-453a-8ec5-3f274242a272	2026-04-26 11:00:00	confirmed	2026-04-26 11:01:00	e6f5ac6e-c027-4eec-b10e-44eef6c4cd12	701a0c54-2620-4637-b692-8948a9e23b6c	2026-05-21 11:57:57.829
1d173fdc-7e26-4e89-8d48-cef98c432a93	2026-04-26 22:00:00	confirmed	2026-04-26 22:02:00	e6f5ac6e-c027-4eec-b10e-44eef6c4cd12	701a0c54-2620-4637-b692-8948a9e23b6c	2026-05-21 11:57:57.829
a9eeffd8-5ba2-4eb2-966d-353a14c54db0	2026-04-27 11:00:00	confirmed	2026-04-27 11:02:00	e6f5ac6e-c027-4eec-b10e-44eef6c4cd12	701a0c54-2620-4637-b692-8948a9e23b6c	2026-05-21 11:57:57.829
5489d19e-6bb3-4fae-b3b4-5ae4ef580a3e	2026-04-27 22:00:00	confirmed	2026-04-27 22:02:00	e6f5ac6e-c027-4eec-b10e-44eef6c4cd12	701a0c54-2620-4637-b692-8948a9e23b6c	2026-05-21 11:57:57.829
4d861bdd-2cb0-4607-9405-44cc57a62ea9	2026-04-28 11:00:00	confirmed	2026-04-28 11:03:00	e6f5ac6e-c027-4eec-b10e-44eef6c4cd12	701a0c54-2620-4637-b692-8948a9e23b6c	2026-05-21 11:57:57.829
badc5a51-a2c7-4204-a43f-4c8ce9792055	2026-04-28 22:00:00	confirmed	2026-04-28 22:07:00	e6f5ac6e-c027-4eec-b10e-44eef6c4cd12	701a0c54-2620-4637-b692-8948a9e23b6c	2026-05-21 11:57:57.829
b5ff4610-1487-4dec-ad29-b9534338c216	2026-04-29 11:00:00	confirmed	2026-04-29 11:08:00	e6f5ac6e-c027-4eec-b10e-44eef6c4cd12	701a0c54-2620-4637-b692-8948a9e23b6c	2026-05-21 11:57:57.829
a9271ec3-142f-4920-a020-ec3be6c9fe01	2026-04-29 22:00:00	confirmed	2026-04-29 22:09:00	e6f5ac6e-c027-4eec-b10e-44eef6c4cd12	701a0c54-2620-4637-b692-8948a9e23b6c	2026-05-21 11:57:57.829
7adb0df8-8985-4cf8-ab16-cda3a677877e	2026-04-30 11:00:00	skipped	\N	e6f5ac6e-c027-4eec-b10e-44eef6c4cd12	701a0c54-2620-4637-b692-8948a9e23b6c	2026-05-21 11:57:57.829
fec33461-8ffd-48ee-bf7c-d19865575ce9	2026-04-30 22:00:00	confirmed	2026-04-30 22:01:00	e6f5ac6e-c027-4eec-b10e-44eef6c4cd12	701a0c54-2620-4637-b692-8948a9e23b6c	2026-05-21 11:57:57.829
8b05355c-5499-47fd-aa65-53f92e8307ef	2026-05-01 11:00:00	confirmed	2026-05-01 11:04:00	e6f5ac6e-c027-4eec-b10e-44eef6c4cd12	701a0c54-2620-4637-b692-8948a9e23b6c	2026-05-21 11:57:57.829
e9c5faf3-b880-48bb-bbc0-510eec731fd2	2026-05-01 22:00:00	confirmed	2026-05-01 22:09:00	e6f5ac6e-c027-4eec-b10e-44eef6c4cd12	701a0c54-2620-4637-b692-8948a9e23b6c	2026-05-21 11:57:57.829
601bf666-475b-4c11-8b2f-bafe27038fd2	2026-05-02 11:00:00	confirmed	2026-05-02 11:09:00	e6f5ac6e-c027-4eec-b10e-44eef6c4cd12	701a0c54-2620-4637-b692-8948a9e23b6c	2026-05-21 11:57:57.829
415c8a52-136e-4fd3-af9d-d9324da58269	2026-05-02 22:00:00	confirmed	2026-05-02 22:08:00	e6f5ac6e-c027-4eec-b10e-44eef6c4cd12	701a0c54-2620-4637-b692-8948a9e23b6c	2026-05-21 11:57:57.829
af3b7213-5d32-4b0d-afd3-e08f5250b5b1	2026-05-03 11:00:00	confirmed	2026-05-03 11:01:00	e6f5ac6e-c027-4eec-b10e-44eef6c4cd12	701a0c54-2620-4637-b692-8948a9e23b6c	2026-05-21 11:57:57.829
068d1424-4760-42f0-84ba-2c2fb7a69d44	2026-05-03 22:00:00	confirmed	2026-05-03 22:06:00	e6f5ac6e-c027-4eec-b10e-44eef6c4cd12	701a0c54-2620-4637-b692-8948a9e23b6c	2026-05-21 11:57:57.829
6d6dc708-3457-43f7-975b-335c53ef5212	2026-05-04 11:00:00	confirmed	2026-05-04 11:05:00	e6f5ac6e-c027-4eec-b10e-44eef6c4cd12	701a0c54-2620-4637-b692-8948a9e23b6c	2026-05-21 11:57:57.829
d2d54ded-9a53-4692-b693-4b58533731d0	2026-05-04 22:00:00	confirmed	2026-05-04 22:02:00	e6f5ac6e-c027-4eec-b10e-44eef6c4cd12	701a0c54-2620-4637-b692-8948a9e23b6c	2026-05-21 11:57:57.829
72925ad1-3037-4b7b-9d34-5d6258a9dc66	2026-05-05 11:00:00	confirmed	2026-05-05 11:00:00	e6f5ac6e-c027-4eec-b10e-44eef6c4cd12	701a0c54-2620-4637-b692-8948a9e23b6c	2026-05-21 11:57:57.829
0ab8e791-7b4b-44ff-a96f-0f60e02eae04	2026-05-05 22:00:00	confirmed	2026-05-05 22:02:00	e6f5ac6e-c027-4eec-b10e-44eef6c4cd12	701a0c54-2620-4637-b692-8948a9e23b6c	2026-05-21 11:57:57.829
257d9c9a-ee4d-4e52-aea0-05f1da6107ea	2026-05-06 11:00:00	late	2026-05-06 11:44:00	e6f5ac6e-c027-4eec-b10e-44eef6c4cd12	701a0c54-2620-4637-b692-8948a9e23b6c	2026-05-21 11:57:57.829
f7cfa121-481b-45e1-abbf-9b3b4062c6cd	2026-05-06 22:00:00	confirmed	2026-05-06 22:07:00	e6f5ac6e-c027-4eec-b10e-44eef6c4cd12	701a0c54-2620-4637-b692-8948a9e23b6c	2026-05-21 11:57:57.829
eafacc34-385c-4ce7-8096-9300c12e1043	2026-05-07 11:00:00	skipped	\N	e6f5ac6e-c027-4eec-b10e-44eef6c4cd12	701a0c54-2620-4637-b692-8948a9e23b6c	2026-05-21 11:57:57.829
07c8b093-7844-4304-ae72-fa0128fac3c6	2026-05-07 22:00:00	confirmed	2026-05-07 22:06:00	e6f5ac6e-c027-4eec-b10e-44eef6c4cd12	701a0c54-2620-4637-b692-8948a9e23b6c	2026-05-21 11:57:57.829
491834d1-3519-40f5-b633-debc4b2efdd2	2026-05-08 11:00:00	confirmed	2026-05-08 11:04:00	e6f5ac6e-c027-4eec-b10e-44eef6c4cd12	701a0c54-2620-4637-b692-8948a9e23b6c	2026-05-21 11:57:57.829
0ca9944b-31bf-45df-bfe6-4b9626ee5c41	2026-05-08 22:00:00	confirmed	2026-05-08 22:08:00	e6f5ac6e-c027-4eec-b10e-44eef6c4cd12	701a0c54-2620-4637-b692-8948a9e23b6c	2026-05-21 11:57:57.829
d267f68a-1909-4d2a-b8ff-73b7767abc98	2026-05-09 11:00:00	confirmed	2026-05-09 11:02:00	e6f5ac6e-c027-4eec-b10e-44eef6c4cd12	701a0c54-2620-4637-b692-8948a9e23b6c	2026-05-21 11:57:57.829
5cdafbeb-6aa5-45d8-b082-a7c27267d659	2026-05-09 22:00:00	confirmed	2026-05-09 22:02:00	e6f5ac6e-c027-4eec-b10e-44eef6c4cd12	701a0c54-2620-4637-b692-8948a9e23b6c	2026-05-21 11:57:57.829
98731c39-8e3a-49cf-8733-455f75b25d79	2026-05-10 11:00:00	late	2026-05-10 12:29:00	e6f5ac6e-c027-4eec-b10e-44eef6c4cd12	701a0c54-2620-4637-b692-8948a9e23b6c	2026-05-21 11:57:57.829
f595c752-5a3e-45ee-8fc2-4622f4d7a39d	2026-05-10 22:00:00	skipped	\N	e6f5ac6e-c027-4eec-b10e-44eef6c4cd12	701a0c54-2620-4637-b692-8948a9e23b6c	2026-05-21 11:57:57.829
6bdb11c9-1db4-4ab6-95c2-25e8d9295198	2026-05-11 11:00:00	confirmed	2026-05-11 11:06:00	e6f5ac6e-c027-4eec-b10e-44eef6c4cd12	701a0c54-2620-4637-b692-8948a9e23b6c	2026-05-21 11:57:57.829
b20790f3-3328-40de-a927-8b0d194dc802	2026-05-11 22:00:00	confirmed	2026-05-11 22:02:00	e6f5ac6e-c027-4eec-b10e-44eef6c4cd12	701a0c54-2620-4637-b692-8948a9e23b6c	2026-05-21 11:57:57.829
fd5de7d7-be1f-4b8a-bc66-ae911b8da002	2026-05-12 11:00:00	confirmed	2026-05-12 11:09:00	e6f5ac6e-c027-4eec-b10e-44eef6c4cd12	701a0c54-2620-4637-b692-8948a9e23b6c	2026-05-21 11:57:57.829
6dfd48f8-8c3b-445e-9040-cf5629fa8890	2026-05-12 22:00:00	skipped	\N	e6f5ac6e-c027-4eec-b10e-44eef6c4cd12	701a0c54-2620-4637-b692-8948a9e23b6c	2026-05-21 11:57:57.829
159db23a-a935-4e85-81ea-c6c21a927eb3	2026-05-13 11:00:00	confirmed	2026-05-13 11:02:00	e6f5ac6e-c027-4eec-b10e-44eef6c4cd12	701a0c54-2620-4637-b692-8948a9e23b6c	2026-05-21 11:57:57.829
32f4c102-b6cd-4a32-9c8b-072f9d932499	2026-05-13 22:00:00	confirmed	2026-05-13 22:01:00	e6f5ac6e-c027-4eec-b10e-44eef6c4cd12	701a0c54-2620-4637-b692-8948a9e23b6c	2026-05-21 11:57:57.829
0814c6d4-6c44-4cce-b815-00a18481a6b9	2026-05-14 11:00:00	skipped	\N	e6f5ac6e-c027-4eec-b10e-44eef6c4cd12	701a0c54-2620-4637-b692-8948a9e23b6c	2026-05-21 11:57:57.829
80d096a7-ea08-49a6-816f-c4cee4653914	2026-05-14 22:00:00	confirmed	2026-05-14 22:08:00	e6f5ac6e-c027-4eec-b10e-44eef6c4cd12	701a0c54-2620-4637-b692-8948a9e23b6c	2026-05-21 11:57:57.829
1c130bae-3894-4407-a01e-76046e52a032	2026-05-15 11:00:00	confirmed	2026-05-15 11:05:00	e6f5ac6e-c027-4eec-b10e-44eef6c4cd12	701a0c54-2620-4637-b692-8948a9e23b6c	2026-05-21 11:57:57.829
c0a9cc60-5020-486b-9091-07f5e1f3c2df	2026-05-15 22:00:00	skipped	\N	e6f5ac6e-c027-4eec-b10e-44eef6c4cd12	701a0c54-2620-4637-b692-8948a9e23b6c	2026-05-21 11:57:57.829
a4218a3b-91ed-42d0-9f57-c8ddd32440f9	2026-05-16 11:00:00	confirmed	2026-05-16 11:07:00	e6f5ac6e-c027-4eec-b10e-44eef6c4cd12	701a0c54-2620-4637-b692-8948a9e23b6c	2026-05-21 11:57:57.829
b731d2a1-5d46-463c-924b-70faf9044a7a	2026-05-16 22:00:00	late	2026-05-16 23:27:00	e6f5ac6e-c027-4eec-b10e-44eef6c4cd12	701a0c54-2620-4637-b692-8948a9e23b6c	2026-05-21 11:57:57.829
5b3dd31f-0e71-4f62-ad3d-44508599cee2	2026-05-17 11:00:00	confirmed	2026-05-17 11:04:00	e6f5ac6e-c027-4eec-b10e-44eef6c4cd12	701a0c54-2620-4637-b692-8948a9e23b6c	2026-05-21 11:57:57.829
04ccdb0b-f887-4f0d-9343-db1c836617b4	2026-05-17 22:00:00	confirmed	2026-05-17 22:07:00	e6f5ac6e-c027-4eec-b10e-44eef6c4cd12	701a0c54-2620-4637-b692-8948a9e23b6c	2026-05-21 11:57:57.829
8bc89ec5-20a2-440d-bfa5-5c6266dc603f	2026-05-18 11:00:00	confirmed	2026-05-18 11:01:00	e6f5ac6e-c027-4eec-b10e-44eef6c4cd12	701a0c54-2620-4637-b692-8948a9e23b6c	2026-05-21 11:57:57.829
75564107-2175-493e-afe8-9b7f08d49a84	2026-05-18 22:00:00	late	2026-05-18 23:22:00	e6f5ac6e-c027-4eec-b10e-44eef6c4cd12	701a0c54-2620-4637-b692-8948a9e23b6c	2026-05-21 11:57:57.829
655015cf-69d5-4f09-8d66-5c078d09ab81	2026-05-19 11:00:00	confirmed	2026-05-19 11:07:00	e6f5ac6e-c027-4eec-b10e-44eef6c4cd12	701a0c54-2620-4637-b692-8948a9e23b6c	2026-05-21 11:57:57.829
572be152-ae74-49af-bbbe-08dc2b709e68	2026-05-19 22:00:00	late	2026-05-19 23:26:00	e6f5ac6e-c027-4eec-b10e-44eef6c4cd12	701a0c54-2620-4637-b692-8948a9e23b6c	2026-05-21 11:57:57.829
b5066d55-9a15-416f-8f06-515fe1642bf5	2026-05-20 11:00:00	skipped	\N	e6f5ac6e-c027-4eec-b10e-44eef6c4cd12	701a0c54-2620-4637-b692-8948a9e23b6c	2026-05-21 11:57:57.829
fbae1479-f34c-4f1a-a77d-cd8ee54c877b	2026-05-20 22:00:00	skipped	\N	e6f5ac6e-c027-4eec-b10e-44eef6c4cd12	701a0c54-2620-4637-b692-8948a9e23b6c	2026-05-21 11:57:57.829
b0466457-efb2-424d-94bd-176eac566cf3	2026-05-21 11:00:00	confirmed	2026-05-21 11:07:00	e6f5ac6e-c027-4eec-b10e-44eef6c4cd12	701a0c54-2620-4637-b692-8948a9e23b6c	2026-05-21 11:57:57.829
d5c6309e-6a3c-4f5f-b384-fbed3f9cd3da	2026-05-21 22:00:00	pending	\N	e6f5ac6e-c027-4eec-b10e-44eef6c4cd12	701a0c54-2620-4637-b692-8948a9e23b6c	2026-05-21 11:57:57.829
\.


--
-- Data for Name: Prescription; Type: TABLE DATA; Schema: public; Owner: -
--

COPY public."Prescription" (id, drug, "drugIcon", dose, frequency, times, status, notes, "startDate", "endDate", "residentId", "createdAt", "updatedAt") FROM stdin;
f05fb77d-79cd-4f28-8d19-f8053759bed6	Losartana	pill	50mg	2x ao dia	{08:00,20:00}	Ativa	\N	2026-03-22 11:57:57.702	\N	55377402-6e18-4682-b239-f526e0db52bd	2026-05-21 11:57:57.706	2026-05-21 11:57:57.706
6e487011-62b1-4d8b-9ed3-7e3c3b5e0bee	Metformina	medication	850mg	2x ao dia	{08:00,19:00}	Ativa	\N	2026-03-22 11:57:57.707	\N	d5ae1b35-c551-4500-b803-cd57f25da210	2026-05-21 11:57:57.708	2026-05-21 11:57:57.708
5bca2938-e3f1-4fd8-97c7-26ae9aa078d1	Omeprazol	pill	20mg	1x ao dia	{07:00}	Ativa	\N	2026-03-22 11:57:57.71	\N	d5ae1b35-c551-4500-b803-cd57f25da210	2026-05-21 11:57:57.711	2026-05-21 11:57:57.711
34566277-961a-4fac-9a68-a22ac1648bfa	Omeprazol	pill	20mg	1x ao dia	{07:00}	Ativa	\N	2026-03-22 11:57:57.712	\N	0a7d01be-3a2c-47d9-8101-8f965423092d	2026-05-21 11:57:57.712	2026-05-21 11:57:57.712
0e4ed268-a2c6-4023-b108-310647e4a802	Sinvastatina	pill	20mg	1x ao dia	{21:00}	Ativa	\N	2026-03-22 11:57:57.713	\N	0a7d01be-3a2c-47d9-8101-8f965423092d	2026-05-21 11:57:57.714	2026-05-21 11:57:57.714
f0dce20f-9e62-41c1-909d-1dec5f7c5a61	Insulina NPH	vaccines	10UI	2x ao dia	{07:30,18:30}	Ativa	\N	2026-03-22 11:57:57.716	\N	0a7d01be-3a2c-47d9-8101-8f965423092d	2026-05-21 11:57:57.716	2026-05-21 11:57:57.716
29fa5528-87b8-4c50-abdc-2c45141ecd28	Sinvastatina	pill	20mg	1x ao dia	{21:00}	Ativa	\N	2026-03-22 11:57:57.718	\N	a8260a60-d568-4295-8c6f-b25150e72060	2026-05-21 11:57:57.718	2026-05-21 11:57:57.718
84a728d6-3516-445d-852a-26602d5fffba	Insulina NPH	vaccines	10UI	2x ao dia	{07:30,18:30}	Ativa	\N	2026-03-22 11:57:57.72	\N	9e1f59e6-605b-43ad-92ee-9796b90517d8	2026-05-21 11:57:57.721	2026-05-21 11:57:57.721
7f2df414-f546-46ce-9cd9-6fae28fe147a	Donepezila	medication	5mg	1x ao dia	{09:00}	Ativa	\N	2026-03-22 11:57:57.722	\N	9e1f59e6-605b-43ad-92ee-9796b90517d8	2026-05-21 11:57:57.724	2026-05-21 11:57:57.724
5b27b4aa-20fc-4740-b964-c0c9be07a064	Donepezila	medication	5mg	1x ao dia	{09:00}	Ativa	\N	2026-03-22 11:57:57.725	\N	e131d31d-0ddd-407d-ae2e-b2dc604eec8a	2026-05-21 11:57:57.726	2026-05-21 11:57:57.726
0e8295d8-fcc6-4556-bf28-562bcad626e5	Furosemida	pill	40mg	1x ao dia	{08:30}	Ativa	\N	2026-03-22 11:57:57.727	\N	e131d31d-0ddd-407d-ae2e-b2dc604eec8a	2026-05-21 11:57:57.728	2026-05-21 11:57:57.728
17919bba-3a1d-46cf-a842-d6c23790331a	Losartana	pill	50mg	2x ao dia	{08:00,20:00}	Ativa	\N	2026-03-22 11:57:57.729	\N	e131d31d-0ddd-407d-ae2e-b2dc604eec8a	2026-05-21 11:57:57.729	2026-05-21 11:57:57.729
4ac09363-c91f-4234-ae8a-63e93a0c7c2c	Furosemida	pill	40mg	1x ao dia	{08:30}	Ativa	\N	2026-03-22 11:57:57.73	\N	94170428-ff8d-45aa-8116-70ece1613ea8	2026-05-21 11:57:57.731	2026-05-21 11:57:57.731
5f8914a9-b9ca-408e-9943-ee5f491b6d2b	Losartana	pill	50mg	2x ao dia	{08:00,20:00}	Pausada	\N	2026-03-22 11:57:57.732	\N	701a0c54-2620-4637-b692-8948a9e23b6c	2026-05-21 11:57:57.732	2026-05-21 11:57:57.732
e6f5ac6e-c027-4eec-b10e-44eef6c4cd12	Metformina	medication	850mg	2x ao dia	{08:00,19:00}	Pausada	\N	2026-03-22 11:57:57.733	\N	701a0c54-2620-4637-b692-8948a9e23b6c	2026-05-21 11:57:57.733	2026-05-21 11:57:57.733
\.


--
-- Data for Name: Professional; Type: TABLE DATA; Schema: public; Owner: -
--

COPY public."Professional" (id, name, role, initials, registry, email, phone, bio, active, "createdAt", "updatedAt") FROM stdin;
2a32604a-abcf-4598-9543-daa0f1390186	Carla Nunes	Enfermeira	CN	COREN-SP 123456	carla.nunes@meditrack.com	(11) 98888-1111	\N	t	2026-05-21 11:57:57.694	2026-05-21 11:57:57.694
3bb8fe87-fd76-4bf6-9f79-e891fea32ba3	Júlia Santos	Enfermeira	JS	COREN-SP 234567	julia.santos@meditrack.com	(11) 98888-2222	\N	t	2026-05-21 11:57:57.696	2026-05-21 11:57:57.696
ccc80581-1447-468a-857a-4a4af77f35ef	Pedro Alves	Cuidador	PA	—	pedro.alves@meditrack.com	(11) 98888-3333	\N	t	2026-05-21 11:57:57.698	2026-05-21 11:57:57.698
545b367f-738d-4c43-8a6a-185654367951	Ana Beatriz	Cuidadora	AB	—	ana.beatriz@meditrack.com	(11) 98888-4444	\N	t	2026-05-21 11:57:57.699	2026-05-21 11:57:57.699
540423ad-e69f-4a33-8021-20466a90f997	Dr. Ricardo Lopes	Médico Geriatra	RL	CRM-SP 98765	ricardo.lopes@meditrack.com	(11) 98888-5555	\N	t	2026-05-21 11:57:57.701	2026-05-21 11:57:57.701
\.


--
-- Data for Name: Profile; Type: TABLE DATA; Schema: public; Owner: -
--

COPY public."Profile" (id, initials, name, "avatarCls", "userId") FROM stdin;
e841b7f7-bc12-4fce-85e7-991dd3113e13	SA	Super Admin	bg-primary text-primary-foreground	d281e23b-c5fa-4c54-92cc-2490b460eeec
7e424e6e-937b-474e-8788-5054730dcece	CM	Carlos Mendes	bg-info-soft text-info	bbb3f03a-94d3-48ca-8aa2-e80e85498d09
\.


--
-- Data for Name: Resident; Type: TABLE DATA; Schema: public; Owner: -
--

COPY public."Resident" (id, name, initials, condition, room, age, status, "avatarCls", "createdAt", "updatedAt") FROM stdin;
55377402-6e18-4682-b239-f526e0db52bd	Maria Aparecida Silva	MA	Hipertensão e Diabetes	12	78	Em dia	bg-gradient-to-br from-primary to-info text-primary-foreground	2026-05-21 11:57:57.682	2026-05-21 11:57:57.682
0a7d01be-3a2c-47d9-8101-8f965423092d	Rosa Lima	RL	Refluxo gastroesofágico	8	82	Programado	bg-accent text-accent-foreground	2026-05-21 11:57:57.685	2026-05-21 11:57:57.685
a8260a60-d568-4295-8c6f-b25150e72060	João Almeida	JA	Insuficiência cardíaca	105	80	Em dia	bg-primary-soft text-primary	2026-05-21 11:57:57.687	2026-05-21 11:57:57.687
9e1f59e6-605b-43ad-92ee-9796b90517d8	Norma Ribeiro	NR	Osteoporose	110	84	Em dia	bg-success-soft text-success	2026-05-21 11:57:57.689	2026-05-21 11:57:57.689
e131d31d-0ddd-407d-ae2e-b2dc604eec8a	José Ferreira	JF	Diabetes tipo 2	205	71	Em dia	bg-info-soft text-info	2026-05-21 11:57:57.69	2026-05-21 11:57:57.69
94170428-ff8d-45aa-8116-70ece1613ea8	Gertrudes Sousa	GS	Demência leve	108	88	Programado	bg-gradient-to-br from-primary to-info text-primary-foreground	2026-05-21 11:57:57.691	2026-05-21 11:57:57.691
701a0c54-2620-4637-b692-8948a9e23b6c	Carlos Eduardo Pinto	CE	DPOC	201	69	Pausado	bg-warning-soft text-warning-foreground	2026-05-21 11:57:57.692	2026-05-21 11:57:57.692
3b36c80b-95c0-4534-89bf-6f93a3cf6b54	João Victor Abilla	JV	Franjudice Aguda	333	20	Em dia	bg-gradient-to-br from-primary to-info text-primary-foreground	2026-05-21 12:51:01.587	2026-05-21 12:51:01.587
d5ae1b35-c551-4500-b803-cd57f25da210	Antônio Carlos Lima	AC	Hipertensão	3	75	Em dia	bg-gradient-to-br from-primary to-info text-primary-foreground	2026-05-21 11:57:57.684	2026-05-21 13:17:40.915
\.


--
-- Data for Name: User; Type: TABLE DATA; Schema: public; Owner: -
--

COPY public."User" (id, email, password, role, "lastAccess", "createdAt", "updatedAt") FROM stdin;
d281e23b-c5fa-4c54-92cc-2490b460eeec	superadmin@meditrack.com	$2b$10$VoRLu8Vjyi7NA9AbBlqZv.zA6WewuAlK7.QcTwyre7T8xROMyd5Fu	SUPER_ADMIN	2026-05-21 11:25:38.195	2026-05-21 11:25:38.195	2026-05-21 11:25:38.195
bbb3f03a-94d3-48ca-8aa2-e80e85498d09	admin@meditrack.com	$2b$10$HlrKHR4/UYEPCZmYyOe0CuZ0vaP.GuKLismf7EMQOA5bhbXRvHNQy	ADMIN	2026-05-21 11:57:57.673	2026-05-21 11:57:57.673	2026-05-21 11:57:57.673
\.


--
-- Data for Name: _prisma_migrations; Type: TABLE DATA; Schema: public; Owner: -
--

COPY public._prisma_migrations (id, checksum, finished_at, migration_name, logs, rolled_back_at, started_at, applied_steps_count) FROM stdin;
0a713042-825d-494d-abc8-ac4362ca1da6	d9b780c00e882eaeb7cb70b65fb86ba1bf1b101ca82115757369cf2156fdf0d1	2026-05-21 11:25:22.005003+00	20260510160508_init	\N	\N	2026-05-21 11:25:21.987291+00	1
dd8fc085-eb42-49bd-a32c-caa511fe3394	0f63deb484a1bb4862081752382e9d0eded62cae8fddc4fdfdb702729f2b2496	2026-05-21 11:25:22.011741+00	20260511013138_add_residents	\N	\N	2026-05-21 11:25:22.005847+00	1
adcaea04-f35a-4876-80c7-2aa1d4a8af1f	f2c49061c8eb164f2749d8e430e779618650118cdcebd9a678b57abca3919779	2026-05-21 11:25:22.02007+00	20260516143816_add_prescriptions	\N	\N	2026-05-21 11:25:22.012593+00	1
c3845e23-dd64-4997-b4f1-04ff4ec67622	4c6e6a3cf09da3a7a6103261f87c6e374d9b22d876f2235fbb1385386bd99c8d	2026-05-21 11:25:22.028696+00	20260516144732_add_professional_model	\N	\N	2026-05-21 11:25:22.021441+00	1
3c973f8b-812e-473d-b7d5-7c37101871c6	ef3c28f06cdda871ec08b3fb21f6a40e9abe7cea1b35cf116bea0962031e8efd	2026-05-21 11:54:29.407291+00	20260521115429_add_dose_events	\N	\N	2026-05-21 11:54:29.393205+00	1
\.


--
-- Name: DoseEvent DoseEvent_pkey; Type: CONSTRAINT; Schema: public; Owner: -
--

ALTER TABLE ONLY public."DoseEvent"
    ADD CONSTRAINT "DoseEvent_pkey" PRIMARY KEY (id);


--
-- Name: Prescription Prescription_pkey; Type: CONSTRAINT; Schema: public; Owner: -
--

ALTER TABLE ONLY public."Prescription"
    ADD CONSTRAINT "Prescription_pkey" PRIMARY KEY (id);


--
-- Name: Professional Professional_pkey; Type: CONSTRAINT; Schema: public; Owner: -
--

ALTER TABLE ONLY public."Professional"
    ADD CONSTRAINT "Professional_pkey" PRIMARY KEY (id);


--
-- Name: Profile Profile_pkey; Type: CONSTRAINT; Schema: public; Owner: -
--

ALTER TABLE ONLY public."Profile"
    ADD CONSTRAINT "Profile_pkey" PRIMARY KEY (id);


--
-- Name: Resident Resident_pkey; Type: CONSTRAINT; Schema: public; Owner: -
--

ALTER TABLE ONLY public."Resident"
    ADD CONSTRAINT "Resident_pkey" PRIMARY KEY (id);


--
-- Name: User User_pkey; Type: CONSTRAINT; Schema: public; Owner: -
--

ALTER TABLE ONLY public."User"
    ADD CONSTRAINT "User_pkey" PRIMARY KEY (id);


--
-- Name: _prisma_migrations _prisma_migrations_pkey; Type: CONSTRAINT; Schema: public; Owner: -
--

ALTER TABLE ONLY public._prisma_migrations
    ADD CONSTRAINT _prisma_migrations_pkey PRIMARY KEY (id);


--
-- Name: DoseEvent_prescriptionId_idx; Type: INDEX; Schema: public; Owner: -
--

CREATE INDEX "DoseEvent_prescriptionId_idx" ON public."DoseEvent" USING btree ("prescriptionId");


--
-- Name: DoseEvent_residentId_idx; Type: INDEX; Schema: public; Owner: -
--

CREATE INDEX "DoseEvent_residentId_idx" ON public."DoseEvent" USING btree ("residentId");


--
-- Name: DoseEvent_scheduledFor_idx; Type: INDEX; Schema: public; Owner: -
--

CREATE INDEX "DoseEvent_scheduledFor_idx" ON public."DoseEvent" USING btree ("scheduledFor");


--
-- Name: Profile_userId_key; Type: INDEX; Schema: public; Owner: -
--

CREATE UNIQUE INDEX "Profile_userId_key" ON public."Profile" USING btree ("userId");


--
-- Name: User_email_key; Type: INDEX; Schema: public; Owner: -
--

CREATE UNIQUE INDEX "User_email_key" ON public."User" USING btree (email);


--
-- Name: DoseEvent DoseEvent_prescriptionId_fkey; Type: FK CONSTRAINT; Schema: public; Owner: -
--

ALTER TABLE ONLY public."DoseEvent"
    ADD CONSTRAINT "DoseEvent_prescriptionId_fkey" FOREIGN KEY ("prescriptionId") REFERENCES public."Prescription"(id) ON UPDATE CASCADE ON DELETE CASCADE;


--
-- Name: DoseEvent DoseEvent_residentId_fkey; Type: FK CONSTRAINT; Schema: public; Owner: -
--

ALTER TABLE ONLY public."DoseEvent"
    ADD CONSTRAINT "DoseEvent_residentId_fkey" FOREIGN KEY ("residentId") REFERENCES public."Resident"(id) ON UPDATE CASCADE ON DELETE CASCADE;


--
-- Name: Prescription Prescription_residentId_fkey; Type: FK CONSTRAINT; Schema: public; Owner: -
--

ALTER TABLE ONLY public."Prescription"
    ADD CONSTRAINT "Prescription_residentId_fkey" FOREIGN KEY ("residentId") REFERENCES public."Resident"(id) ON UPDATE CASCADE ON DELETE CASCADE;


--
-- Name: Profile Profile_userId_fkey; Type: FK CONSTRAINT; Schema: public; Owner: -
--

ALTER TABLE ONLY public."Profile"
    ADD CONSTRAINT "Profile_userId_fkey" FOREIGN KEY ("userId") REFERENCES public."User"(id) ON UPDATE CASCADE ON DELETE CASCADE;


--
-- PostgreSQL database dump complete
--

\unrestrict AGp3NGhKf7eB0xlB3I0WARQ4aZyym05nRROG3qGkicRm79xQ2b1gThWbIbDMjfW

